-- phpMyAdmin SQL Dump
-- version 5.1.1
-- https://www.phpmyadmin.net/
--
-- Anamakine: 127.0.0.1
-- Üretim Zamanı: 15 May 2022, 17:51:40
-- Sunucu sürümü: 10.4.21-MariaDB
-- PHP Sürümü: 7.4.23

SET SQL_MODE = "NO_AUTO_VALUE_ON_ZERO";
START TRANSACTION;
SET time_zone = "+00:00";


/*!40101 SET @OLD_CHARACTER_SET_CLIENT=@@CHARACTER_SET_CLIENT */;
/*!40101 SET @OLD_CHARACTER_SET_RESULTS=@@CHARACTER_SET_RESULTS */;
/*!40101 SET @OLD_COLLATION_CONNECTION=@@COLLATION_CONNECTION */;
/*!40101 SET NAMES utf8mb4 */;

--
-- Veritabanı: `gradproj`
--

-- --------------------------------------------------------

--
-- Tablo için tablo yapısı `access_request`
--

CREATE TABLE `access_request` (
  `id` int(11) NOT NULL,
  `name` text NOT NULL,
  `surname` text NOT NULL,
  `email` text NOT NULL,
  `topic` text NOT NULL,
  `explanation` text NOT NULL,
  `time` date NOT NULL
) ENGINE=InnoDB DEFAULT CHARSET=utf8mb4;

-- --------------------------------------------------------

--
-- Tablo için tablo yapısı `accounts`
--

CREATE TABLE `accounts` (
  `id` int(11) NOT NULL,
  `name` varchar(20) NOT NULL,
  `surname` varchar(20) NOT NULL,
  `email` text NOT NULL,
  `username` varchar(10) NOT NULL,
  `password` text NOT NULL,
  `authorization` int(2) NOT NULL
) ENGINE=InnoDB DEFAULT CHARSET=utf8mb4;

--
-- Tablo döküm verisi `accounts`
--

INSERT INTO `accounts` (`id`, `name`, `surname`, `email`, `username`, `password`, `authorization`) VALUES
(1, 'Ömer', 'YILDIRIM', 'flashomer@gmail.com', 'admin', 'e10adc3949ba59abbe56e057f20f883e', 2),
(3, 'Veli', 'Karagül', 'velikrgl@yahoo.com', 'velikrgl', 'c4ca4238a0b923820dcc509a6f75849b', 2);

-- --------------------------------------------------------

--
-- Tablo için tablo yapısı `connections`
--

CREATE TABLE `connections` (
  `id` int(11) NOT NULL,
  `connection_name` text NOT NULL,
  `api_query` text NOT NULL,
  `fetch_time` text NOT NULL,
  `blackOrWhite` int(11) NOT NULL,
  `createdTime` date NOT NULL DEFAULT current_timestamp(),
  `userwhocreated` text NOT NULL DEFAULT 'admin',
  `creationReason` text DEFAULT NULL,
  `status` int(11) NOT NULL
) ENGINE=InnoDB DEFAULT CHARSET=utf8mb4;

--
-- Tablo döküm verisi `connections`
--

INSERT INTO `connections` (`id`, `connection_name`, `api_query`, `fetch_time`, `blackOrWhite`, `createdTime`, `userwhocreated`, `creationReason`, `status`) VALUES
(1, 'misp', 'misp.com', '60', 1, '2022-04-02', 'admin', 'misp connection', 0),
(2, 'usom', 'usom.com', '60', 1, '2022-04-02', 'admin', 'usom usage', 1),
(3, 'opencti', '', '', 0, '2022-04-02', '', NULL, 1),
(4, 'virustotal', 'virustatal.com.tr', '80', 0, '2022-04-02', 'velikrgl', 'virustotal connections', 1),
(12, 'test', 'test.com.tr', '60', 1, '2022-04-20', 'admin', 'test ', 1),
(14, 'openctiNegative', 'opencti.com.tr', '150', 1, '2022-04-20', 'admin', NULL, 0),
(57, 'deneme', 'https://www.usom.gov.tr/url-list.txt', '80', 1, '2022-05-15', 'admin', 'creation Reason', 1),
(58, 'deneme2', 'https://www.usom.gov.tr/url-list.txt', '66', 2, '2022-05-15', 'admin', 'creation Reason2', 1);

-- --------------------------------------------------------

--
-- Tablo için tablo yapısı `db_status`
--

CREATE TABLE `db_status` (
  `id` int(11) NOT NULL,
  `ip_hash_url` text NOT NULL,
  `info_type` int(11) DEFAULT 1,
  `blackorWhite` int(11) NOT NULL DEFAULT 2,
  `connectionID` int(11) NOT NULL
) ENGINE=InnoDB DEFAULT CHARSET=utf8mb4;

--
-- Tablo döküm verisi `db_status`
--

INSERT INTO `db_status` (`id`, `ip_hash_url`, `info_type`, `blackorWhite`, `connectionID`) VALUES
(1, 'blcellalien.com', 3, 1, 57),
(2, 'hegsesorgula.tk', 3, 1, 57),
(3, 'bimcellipazarturkiyem.com', 3, 1, 57),
(4, 'bimcellhaftaicitr.com', 3, 1, 57),
(5, 'banaozel-paramguvende.net', 3, 1, 57),
(6, 'hegesesorgula.tk', 3, 1, 57),
(7, 'bimcellonetr.com', 3, 1, 57),
(8, 'denizbankhizligiriss-com.ml', 3, 1, 57),
(9, 'bvaonlineislem.co.vu', 3, 1, 57),
(10, 'guncelvakif2022hediyeleri.com', 3, 1, 57),
(11, 'bimcell4942.com', 3, 1, 57),
(12, 'isahibindenparam7-24guvende-com.tk', 3, 1, 57),
(13, 'ibxmcellkanalibbs.com', 3, 1, 57),
(14, 'dijitalbasvurudenizbankgiris.co.vu', 3, 1, 57),
(15, 'bbvaonlineislemler.co.vu', 3, 1, 57),
(16, 'basvurudenizv2krediler.co.vu', 3, 1, 57),
(17, 'ptt-avmogsyuklehizmet.com', 3, 1, 57),
(18, 'bxmcell-kampanya.tk', 3, 1, 57),
(19, 'garantibbvamayis.ml', 3, 1, 57),
(20, 'sahibinden-param-guvende-odeme-yap.com', 3, 1, 57),
(21, 'hazinebbgirisgov.com', 3, 1, 57),
(22, 'xn--hzliislemler-pttavm-g5c.com', 3, 1, 57),
(23, 'bimcelllnz.com', 3, 1, 57),
(24, 'telfhakkimerkezitrig.tk', 3, 1, 57),
(25, 'bimcellhaftasonutr.com', 3, 1, 57),
(26, 'bimcelllg.com', 3, 1, 57),
(27, 'acikdenizv2denizbank-com.ml', 3, 1, 57),
(28, 'basvurukredisidenizbank.co.vu', 3, 1, 57),
(29, 'basvurutalepekrani.ga', 3, 1, 57),
(30, 'denizfirsatihtiyackredi.co.vu', 3, 1, 57),
(31, 'nturkiye-gov-tr-aidat-kontrol-sistemim.com', 3, 1, 57),
(32, 'denizbankv2dijitalbasvur.co.vu', 3, 1, 57),
(33, 'acikdenizv2022imkanlari.tk', 3, 1, 57),
(34, 'hgspttavmodemeah.com', 3, 1, 57),
(35, 'xn--epttavmyklemehizmeti-wec.com', 3, 1, 57),
(36, 'demo12.ml', 3, 1, 57),
(37, 'pttavmgvnliodeme.com', 3, 1, 57),
(38, 'denizgirisdijitalmobil.co.vu', 3, 1, 57),
(39, 'aidat-bilgilendirme-sistemi.tk', 3, 1, 57),
(40, 'veriystemservicesn.com', 3, 1, 57),
(41, 'acikv90denizbank-denizbireyselgirisim-com.tk', 3, 1, 57),
(42, 'acikdenizv1mobildenizkredim.co.vu', 3, 1, 57),
(43, 'blmcellxdd.com', 3, 1, 57),
(44, 'bimcellvtn.com', 3, 1, 57),
(45, 'onlinekredindenizdenal.co.vu', 3, 1, 57),
(46, 'denizbankfirsatkredin.co.vu', 3, 1, 57),
(47, 'pttavmyklemexs.com', 3, 1, 57),
(48, 'denizonlinekredisistemn.tk', 3, 1, 57),
(49, 'canli-samimisohbet.gq', 3, 1, 57),
(50, 'ptthgs2022yukleme.com', 3, 1, 57),
(51, 'aidat-bilgilendirme-portali.tk', 3, 1, 57),
(52, 'mobilhesap-onayli-giris.com', 3, 1, 57),
(53, 'edevlet-aidat-iade-bilgilendirme-portali.com', 3, 1, 57),
(54, 'iade-bilgilendirme-portali.tk', 3, 1, 57),
(55, 'bmcellkampanyaa.com', 3, 1, 57),
(56, 'bbvaonlineislemler.cf', 3, 1, 57),
(57, 'toplulukdestekmerkezim-com.tk', 3, 1, 57),
(58, 'aidat-iade-sorgu-sistemi.ml', 3, 1, 57),
(59, 'hazinettgovuk.com', 3, 1, 57),
(60, 'ingbnkmobilsubegiris.co.vu', 3, 1, 57),
(61, 'b1mcellbombaxd.com', 3, 1, 57),
(62, 'aidat-iade-sorgu-platformu.tk', 3, 1, 57),
(63, 'parirairbodropservice.com', 3, 1, 57),
(64, 'btsturkkampanya.ml', 3, 1, 57),
(65, 'sosyaldestektr.com', 3, 1, 57),
(66, 'mturkiye-gov-tr-aidat-iade-basvuru-formu.ml', 3, 1, 57),
(67, 'nturkiye-gov-tr-aidat-iade-sistemin.com', 3, 1, 57),
(68, 'nturkiye-gov-tr-aidat-kontrol-sistemin.com', 3, 1, 57),
(69, 'sosyalhizmetlertr.com', 3, 1, 57),
(70, 'trhazinebakanligi.com', 3, 1, 57),
(71, 'sahibindenguvenliurunal-com.tk', 3, 1, 57),
(72, 'pttavmcumartesikampnya.com', 3, 1, 57),
(73, 'mturkiye-gov-tr-iade-kontrol-formu.ml', 3, 1, 57),
(74, 'ptt-avmogsyuklemeleri.com', 3, 1, 57),
(75, 'e-ticaretsahibindenparamguvende-com.tk', 3, 1, 57),
(76, 'bimcellpk.com', 3, 1, 57),
(77, 'b1mcellcasanova.com', 3, 1, 57),
(78, 'chanblmcell1.org', 3, 1, 57),
(79, 'prstarbimcell.com', 3, 1, 57),
(80, 'bxmxzcellcars.com', 3, 1, 57),
(81, 'bimceltw1.com', 3, 1, 57),
(82, 'hxsgxsgod.com', 3, 1, 57),
(83, 'b1mcelloglnnkznx.com', 3, 1, 57),
(84, 'denizonlinekredikontrolsistemi.cf', 3, 1, 57),
(85, 'paribu-shibcoin.com', 3, 1, 57),
(86, 'ptt-avmyuklemelerihiz.com', 3, 1, 57),
(87, 'bmcellkampanyalar.com', 3, 1, 57),
(88, 'telifhaklarimeta.ml', 3, 1, 57),
(89, 'onlineislemler.ml', 3, 1, 57),
(90, 'bmcellebglnhayata.com', 3, 1, 57),
(91, 'bireysel-getsahibinden-com.gq', 3, 1, 57),
(92, 'bimcellcumartesii.com', 3, 1, 57),
(93, 'bimtlyuklemeleri.com', 3, 1, 57),
(94, 'sikayetimiz-var.online', 3, 1, 57),
(95, 'bimcelljh.com', 3, 1, 57),
(96, 'bimcellltryyuklemedesperate.com', 3, 1, 57),
(97, 'sahibndenget-guvenliodemesistemgiris-com.tk', 3, 1, 57),
(98, 'bxjjmceexl.com', 3, 1, 57),
(99, 'mobil-izle.xyz', 3, 1, 57),
(100, 'destekvakti.tk', 3, 1, 57),
(101, 'sikayetimizvar.site', 3, 1, 57),
(102, 'teliffhakkidestek.com', 3, 1, 57),
(103, 'dafirsatzamani.com', 3, 1, 57),
(104, 'telifhakkiddestek.com', 3, 1, 57),
(105, 'polisgunlukleri.xyz', 3, 1, 57),
(106, 'palifaxbul.com', 3, 1, 57),
(107, 'qnbfinansonline.tk', 3, 1, 57),
(108, 'bimcallayi.com', 3, 1, 57),
(109, 'kredinmobilde.gq', 3, 1, 57),
(110, 'bmcellyarenim.com', 3, 1, 57),
(111, 'paramguvendesistem-odemeyap-com.tk', 3, 1, 57),
(112, 'paribuhediyelerssizlere.tk', 3, 1, 57),
(113, 'e-secure--paramguvende-get-sahibinden--com.tk', 3, 1, 57),
(114, 'karayollaridenetim-govtr.ga', 3, 1, 57),
(115, 'paributr.online', 3, 1, 57),
(116, 'paribuislemler.online', 3, 1, 57),
(117, 'hesap-onayli-giris-bildirim.xyz', 3, 1, 57),
(118, 'hakkindasikayetvar.xyz', 3, 1, 57),
(119, 'sosyalyardiim.tk', 3, 1, 57),
(120, 'parirboxairbtca.com', 3, 1, 57),
(121, 'gununfirsatizamani.com', 3, 1, 57),
(122, 'carrentpegasus.comtr-tr.xyz', 3, 1, 57),
(123, 'b1mcelltlyuqlemex.com', 3, 1, 57),
(124, 'siddetehayirform.cf', 3, 1, 57),
(125, 'thy-filo.com', 3, 1, 57),
(126, 'pk-consult.hr', 3, 1, 57),
(127, 'fernandestechnical.com', 3, 1, 57),
(128, 'digitalbasvurudenizonlinegir.co.vu', 3, 1, 57),
(129, 'bjmacelllllaa.com', 3, 1, 57),
(130, 'bmcellharik.com', 3, 1, 57),
(131, 'urunlerim-sahibndenbanaozel-com.tk', 3, 1, 57),
(132, 'bmcwll.com', 3, 1, 57),
(133, 'yardimvaktii.tk', 3, 1, 57),
(134, 'b1mcelltlyukle3e.com', 3, 1, 57),
(135, 'hazinegirisistr.com', 3, 1, 57),
(136, 'hazinedevletrr.com', 3, 1, 57),
(137, 'e-secure-girisyap-sahibinden-com.tk', 3, 1, 57),
(138, 'sahibindenparamguven-d.epizy.com', 3, 1, 57),
(139, 'ptt-avm-yuklemelerim.com', 3, 1, 57),
(140, 'n11task.cc', 3, 1, 57),
(141, 'antihizhgs.com', 3, 1, 57),
(142, 'hgsanlabeni.com', 3, 1, 57),
(143, 'chpirabimcell.com', 3, 1, 57),
(144, 'mtvgecisvip.com', 3, 1, 57),
(145, 'b1mcellcasonova.com', 3, 1, 57),
(146, 'b1mcklkmyukle.com', 3, 1, 57),
(147, 'hgssodeeme.tk', 3, 1, 57),
(148, 'evde-paketlebassvutr.nl', 3, 1, 57),
(149, 'jpgonlinesube.ga', 3, 1, 57),
(150, 'bmcllcuma.com', 3, 1, 57),
(151, 'bimcellramoo.com', 3, 1, 57),
(152, 'xn--paramgvende-sahibinden-xlc.com', 3, 1, 57),
(153, 'pttavm-dolumhizmeti.com', 3, 1, 57),
(154, 'vakifkrdionline.xyz', 3, 1, 57),
(155, 'pngonlinesube.ml', 3, 1, 57),
(156, 'bimcelgostoso.com', 3, 1, 57),
(157, 'ronlinesube.ga', 3, 1, 57),
(158, 'sahibindenget-guvenliodemesistemgiris-com.tk', 3, 1, 57),
(159, 'bimcellko.com', 3, 1, 57),
(160, 'bireysel-basvurun.nl', 3, 1, 57),
(161, 'subesizvakifonlinegirisx.tk', 3, 1, 57),
(162, 'onlinedenizkrdilerim.xyz', 3, 1, 57),
(163, 'urunlerim-sahibindenbanaozel-com.tk', 3, 1, 57),
(164, 'sahibindengetguvenliodemeyap-com.tk', 3, 1, 57),
(165, 'guvenligirisyap-sahibindenget-com.tk', 3, 1, 57),
(166, 'hgsxyukle.com', 3, 1, 57),
(167, 'trendybod.com', 3, 1, 57),
(168, 'whjrtgd.com', 3, 1, 57),
(169, '5g852g.com', 3, 1, 57),
(170, 'm2n0n4m3.ddns.net', 3, 1, 57),
(171, 'baguette.ddns.net', 3, 1, 57),
(172, '123tesak.hopto.org', 3, 1, 57),
(173, 'phili01924.ddns.net', 3, 1, 57),
(174, 'troianosnjrat1.ddns.net', 3, 1, 57),
(175, 'xlratip.hopto.org', 3, 1, 57),
(176, 'kiraa.ddns.net', 3, 1, 57),
(177, 'testing01.ddns.net', 3, 1, 57),
(178, 'c4e.ddns.net', 3, 1, 57),
(179, 'c4.ddns.net', 3, 1, 57),
(180, 'banaozel.s-paranguvende.net', 3, 1, 57),
(181, '2dod.ddns.net', 3, 1, 57),
(182, '4dod.ddns.net', 3, 1, 57),
(183, 'ehlikeyf.duckdns.org', 3, 1, 57),
(184, 'microsoftdns-67253.ddns.net', 3, 1, 57),
(185, 'wayto.duckdns.org', 3, 1, 57),
(186, 'bimcellop.org', 3, 1, 57),
(187, 'bxmcellaksamis.com', 3, 1, 57),
(188, 'turkiyeiscepmobil.co.vu', 3, 1, 57),
(189, 'bimcellbccw.com', 3, 1, 57),
(190, 'androidupdates.co.vu', 3, 1, 57),
(191, 'turkiyemobiliscep.co.vu', 3, 1, 57),
(192, 'xn--pttavmm-hzlgncelinlem-kic92jca27i.com', 3, 1, 57),
(193, 'b1mcellharcamalar.com', 3, 1, 57),
(194, 'bimcell5233894.com', 3, 1, 57),
(195, 'superavantajdenizden.co.vu', 3, 1, 57),
(196, 'subevakifonlinegiris.tk', 3, 1, 57),
(197, 'hakkinizdasiikayetvar.com', 3, 1, 57),
(198, 'sosyal-destek-basvurusu.sa.com', 3, 1, 57),
(199, 'hizmetkredisidenizbank.co.vu', 3, 1, 57),
(200, 'denizbanksuperavantaj.co.vu', 3, 1, 57),
(201, 'kuvtbonline.com', 3, 1, 57),
(202, 'prbbilgiguncelleme.ml', 3, 1, 57),
(203, 'securesahibinden-sahibindenmobilgirisyap-com.tk', 3, 1, 57),
(204, 'bwiimcll.com', 3, 1, 57),
(205, 'pttavm-hgssskanks.com', 3, 1, 57),
(206, 'aidatparibu.tk', 3, 1, 57),
(207, 'parirboxairdropa.com', 3, 1, 57),
(208, 'mydenizbnkonline.com', 3, 1, 57),
(209, 'b1mcellodemeler1m.com', 3, 1, 57),
(210, 'sikayetvarhalktan.ga', 3, 1, 57),
(211, 'denizdenguncelkampanya2022.com', 3, 1, 57),
(212, 'guncelvakifkampanyalarim2022.com', 3, 1, 57),
(213, 'plat-form-vakif-onlinereklam-com.tk', 3, 1, 57),
(214, 'dnz1080.ddns.net', 3, 1, 57),
(215, 'asdghn.duckdns.org', 3, 1, 57),
(216, 'sopoal.ddns.net', 3, 1, 57),
(217, 'lolscriptsriot.duckdns.org', 3, 1, 57),
(218, 'masth.coffeecup.com', 3, 1, 57),
(219, 'onlinedenizkrdimi.xyz', 3, 1, 57),
(220, 'pttavm-hizliodemelerm.com', 3, 1, 57),
(221, 'btcturku-aninda-hizli.com', 3, 1, 57),
(222, 'hgsmtvonline.ml', 3, 1, 57),
(223, 'b1mcelllleodemelerrinizzz.com', 3, 1, 57),
(224, 'btcturkpro-trx-mobil.com', 3, 1, 57),
(225, 'b1mcelllleodemelerrin.com', 3, 1, 57),
(226, 'b1mcelllleodemelerrini.com', 3, 1, 57),
(227, 'b1mcelllleodemelerrinizz.com', 3, 1, 57),
(228, 'b1mcelllleodemelerri.com', 3, 1, 57),
(229, 'b1mcelllleodemelerr.com', 3, 1, 57),
(230, 'guncelsikayetlerim.net', 3, 1, 57),
(231, 'bireyselsahibindenguvenliodemesistem-com.tk', 3, 1, 57),
(232, 'bimcelltll.tk', 3, 1, 57),
(233, 'b1mcelllleodemeler.com', 3, 1, 57),
(234, 'onlinevakifkrdin.xyz', 3, 1, 57),
(235, 'sahibinden-param-guvende-get-ode.com', 3, 1, 57),
(236, 'guncelvakifkampanyalari2022.com', 3, 1, 57),
(237, 'bimcelliyimw.com', 3, 1, 57),
(238, 'pttavmonlineyuklemehizmet.com', 3, 1, 57),
(239, 'randonlinesube.gq', 3, 1, 57),
(240, 'hgspttyklyn.com', 3, 1, 57),
(241, 'parxhediye.com', 3, 1, 57),
(242, 'bimcellgn.com', 3, 1, 57),
(243, 'hgsoglengeceler.com', 3, 1, 57),
(244, 'bimcelliw.com', 3, 1, 57),
(245, 'systemverguarcd.com', 3, 1, 57),
(246, 'n11task.com', 3, 1, 57),
(247, 'karayollarihukukicrabirimi.ga', 3, 1, 57),
(248, 'bandonlinesube.cf', 3, 1, 57),
(249, 'mobil-securesahibinden-com.tk', 3, 1, 57),
(250, 'pttavmylszlarx.com', 3, 1, 57),
(251, 'bjjmceexxll.com', 3, 1, 57),
(252, 'bimcelltn.com', 3, 1, 57),
(253, 'mobil-onay-bildirim-giris.online', 3, 1, 57),
(254, 'lnstagram-copyright-desk.ml', 3, 1, 57),
(255, 'bmcelllim.com', 3, 1, 57),
(256, 'telifhakki-itirazdestek.ga', 3, 1, 57),
(257, 'bireyselvakifkrdiline.xyz', 3, 1, 57),
(258, 'bireyselsahibinden-get-paramguvende-com.tk', 3, 1, 57),
(259, 'paribu-event.com', 3, 1, 57),
(260, 'hizlibasvuruaidatiadesistemi.co.vu', 3, 1, 57),
(261, 'bimcellgalataaa.com', 3, 1, 57),
(262, 'chlirabimcell.com', 3, 1, 57),
(263, 'bimcellkryby.com', 3, 1, 57),
(264, 'b1mcelloyx.com', 3, 1, 57),
(265, 'bsvimiceell.com', 3, 1, 57),
(266, 'paribbuu.shop', 3, 1, 57),
(267, 'denizkredicekiliscsistemi.tk', 3, 1, 57),
(268, 'bireyselsubesizgirisvakifcekilis.tk', 3, 1, 57),
(269, 'onlinevakifkrdileriden.xyz', 3, 1, 57),
(270, 'finansbankkampanya.xyz', 3, 1, 57),
(271, 'bimcellnet.com', 3, 1, 57),
(272, 'bimsscll.com', 3, 1, 57),
(273, 'bdvimcceelll.com', 3, 1, 57),
(274, 'bdimicceell.com', 3, 1, 57),
(275, 'bmxceecxl.com', 3, 1, 57),
(276, 'parirboxairbtcx.com', 3, 1, 57),
(277, 'parirboxnewdropx.com', 3, 1, 57),
(278, 'bxmxjceel.com', 3, 1, 57),
(279, 'takipetmeyenler.web.tr', 3, 1, 57),
(280, 'kalitelihizmetadresim.biz', 3, 1, 57),
(281, 'yardimvaktin.ml', 3, 1, 57),
(282, 'buyumendedestek.tk', 3, 1, 57),
(283, 'anketicintikla.tk', 3, 1, 57),
(284, 'uyguncozumlerim.tk', 3, 1, 57),
(285, 'halktansikayetvartr.online', 3, 1, 57),
(286, 'telifhakki-itirazdestek.ml', 3, 1, 57),
(287, 'denizonlinekredisistemi2.com', 3, 1, 57),
(288, 'kredimdenizdebasvuru.com', 3, 1, 57),
(289, 'blmcelltlbayxiii.net', 3, 1, 57),
(290, 'paribucarkifelek.ml', 3, 1, 57),
(291, 'canlisohbetimr.com', 3, 1, 57),
(292, 'profilegirenler.com', 3, 1, 57),
(293, 'cekildenizonline.com', 3, 1, 57),
(294, 'veirflybussnew.com', 3, 1, 57),
(295, 'prlbarihediyeler.com', 3, 1, 57),
(296, 'ingfirsatlari.tk', 3, 1, 57),
(297, 'evde-paketleme.life', 3, 1, 57),
(298, 'karayollariavukatbirimi.ga', 3, 1, 57),
(299, 'paribugiris.net', 3, 1, 57),
(300, 'karayollarihukukbirimi.ga', 3, 1, 57),
(301, 'hgshizligecisbakkiyeyukleeme.cf', 3, 1, 57),
(302, 'hgstore.ml', 3, 1, 57),
(303, 'sahibindengetodemeyap-com.tk', 3, 1, 57),
(304, 'teliifhakkidestek.com', 3, 1, 57),
(305, 'hakindasikayetvar.com', 3, 1, 57),
(306, 'onlinekredibasvurusudeniz.com', 3, 1, 57),
(307, 'bmcellnerotlyukle.tk', 3, 1, 57),
(308, 'bxmczellprs.com', 3, 1, 57),
(309, 'chanelbimcell.com', 3, 1, 57),
(310, 'kdviadesi2022.co.vu', 3, 1, 57),
(311, 'karayollaridenetimbirimi.ga', 3, 1, 57),
(312, 'bimcellgata.gq', 3, 1, 57),
(313, 'bppxmcell.com', 3, 1, 57),
(314, 'kuvveytkampanya.ml', 3, 1, 57),
(315, 'bimcelsyuklememeydani.com', 3, 1, 57),
(316, 'bireyselsahibinden-get-com.tk', 3, 1, 57),
(317, 'ssobfcturk-trxbasvuru.com', 3, 1, 57),
(318, 'mturkiye-gov-tr-iade-bilgi-formu.ml', 3, 1, 57),
(319, 'bimcelakas.com', 3, 1, 57),
(320, 'bmcelltlyuklemeler1.com', 3, 1, 57),
(321, 'sahibinden-param-guvende-get-odeme-ekrani-tr.gq', 3, 1, 57),
(322, 'subeon1linehosting.cf', 3, 1, 57),
(323, 'bimcellyelnmekad.com', 3, 1, 57),
(324, 'ssoblcturk-trxbasvuru.com', 3, 1, 57),
(325, 'urun-sahibindenparaguvende-girisyap-com.tk', 3, 1, 57),
(326, 'nturkiye-gov-tr-aidat-kontrol-sistemi.com', 3, 1, 57),
(327, 'bjmyklemenktasi.ga', 3, 1, 57),
(328, 'nturkiye-gov-tr-aidat-sorgulama-sistemim.tk', 3, 1, 57),
(329, 'm-nturkiye-gov-tr-aidat-iade-sistemi.tk', 3, 1, 57),
(330, 'denizonlinecekiliscarki.tk', 3, 1, 57),
(331, 'pttavm-hizliodemelerrm.com', 3, 1, 57),
(332, 'mobilhesap-hizli-giris.xyz', 3, 1, 57),
(333, 'bimcelliodemelibbs.com', 3, 1, 57),
(334, 'b1mcelllodemeyapp.com', 3, 1, 57),
(335, 'bimcelltonton.com', 3, 1, 57),
(336, 'pttavm2022x.com', 3, 1, 57),
(337, 'bimcellfsm.com', 3, 1, 57),
(338, 'b1mcellcarsmbaxd.com', 3, 1, 57),
(339, 'lixompto.ddns.net', 3, 1, 57),
(340, 'abo3zhhy.ddns.net', 3, 1, 57),
(341, 'rttrwrwr.ddns.net', 3, 1, 57),
(342, 'luissuarez1.ddns.net', 3, 1, 57),
(343, 'almosawi.ddns.net', 3, 1, 57),
(344, 'maconha123.ddns.net', 3, 1, 57),
(345, 'cdtopicadasgalaxias.ddns.net', 3, 1, 57),
(346, 'plugdosdnskkk.ddns.net', 3, 1, 57),
(347, 'kissakala.ddns.net', 3, 1, 57),
(348, 'soubhi1998.ddns.net', 3, 1, 57),
(349, 'putha.duckdns.org', 3, 1, 57),
(350, 'khuisosipidor.ddns.net', 3, 1, 57),
(351, 'hgsspttars34.com', 3, 1, 57),
(352, 'bxjcxceeel.com', 3, 1, 57),
(353, 'bjmcelllllaa.com', 3, 1, 57),
(354, 'hgesemusterihizmet.tk', 3, 1, 57),
(355, 'pttavm-odemelerrrm.com', 3, 1, 57),
(356, 'bimcellbca.com', 3, 1, 57),
(357, 'vakifbanktanhediyeniz2022giris.com', 3, 1, 57),
(358, 'parirboxnewdropux.com', 3, 1, 57),
(359, 'hostingsubeonline1.ga', 3, 1, 57),
(360, 'sahibindenguvenl-iodeme-com.tk', 3, 1, 57),
(361, 'param-sahibindenile-hepguvende-com.tk', 3, 1, 57),
(362, 'bimcelljk.com', 3, 1, 57),
(363, 'blmxceloot.com', 3, 1, 57),
(364, 'denizbankyenilenencekilis2022.com', 3, 1, 57),
(365, 'secure-girisyap-esahibinden-get-com.tk', 3, 1, 57),
(366, '1kuveyt1online.ga', 3, 1, 57),
(367, 'bimcellvca.com', 3, 1, 57),
(368, 'b1mcelldekartx.com', 3, 1, 57),
(369, 'bankahalk.epizy.com', 3, 1, 57),
(370, 'magazam-sahibinden-param-guvende-com.tk', 3, 1, 57),
(371, 'b1mcellsirketx.com', 3, 1, 57),
(372, 'bxxmcellyukle.com', 3, 1, 57),
(373, 'sahibinden-paramguvende-com.ga', 3, 1, 57),
(374, 'secure-girisyap-esahibinden-com.tk', 3, 1, 57),
(375, 'denizmobilkredimbasvurusistemionline.com', 3, 1, 57),
(376, 'instagram-takipcihilesi.com', 3, 1, 57),
(377, 'sso-blcturk-trxbasvuru.com', 3, 1, 57),
(378, 'sahibindenguvenliodemehizmetleri.xyz', 3, 1, 57),
(379, 'edevletaidatiade.com', 3, 1, 57),
(380, 'dollar-bank.xyz', 3, 1, 57),
(381, 'trx-basvuru-blcturk.com', 3, 1, 57),
(382, 'prbyazfirsatlari2022.xyz', 3, 1, 57),
(383, 'prbhediyefirsatimiz.xyz', 3, 1, 57),
(384, 'parirboxairdropx.com', 3, 1, 57),
(385, 'bjmecell.com', 3, 1, 57),
(386, 'bmmnerotlyukleme.tk', 3, 1, 57),
(387, 'profesyonelpaket.tk', 3, 1, 57),
(388, 'duyurular-hediyefirsatlaribasvuru.link', 3, 1, 57),
(389, 'urunsatis-shbnden-paramguvende-com.tk', 3, 1, 57),
(390, 'bimcelyuklemehizmetleri.com', 3, 1, 57),
(391, 'bmcelebaglan.tk', 3, 1, 57),
(392, 'bmcellebaglan.tk', 3, 1, 57),
(393, 'victoryfundapp.com', 3, 1, 57),
(394, 'blcellebaglan.com', 3, 1, 57),
(395, 'basvuru-blcturk-trx.com', 3, 1, 57),
(396, 'tllbimyukleme.tk', 3, 1, 57),
(397, 'bimcelyuklememeydan.com', 3, 1, 57),
(398, 'bimcelhizli.com', 3, 1, 57),
(399, 'sahibndenparamnguvende-com.tk', 3, 1, 57),
(400, 'b1mcellsalikampanyalari.com', 3, 1, 57),
(401, 'basvurufdijitaldenizbank.co.vu', 3, 1, 57),
(402, 'tlyuklemebm.tk', 3, 1, 57),
(403, 'bimcelltlodeme.ml', 3, 1, 57),
(404, 'bimcellsali36.com', 3, 1, 57),
(405, 'blcellex.com', 3, 1, 57),
(406, 'h0rj4.top', 3, 1, 57),
(407, 'bimcelldrkcl.com', 3, 1, 57),
(408, 'bjmcelllboard.com', 3, 1, 57),
(409, 'hwsbayramodemesi.tk', 3, 1, 57),
(410, 'pttavm-musterislemler.com', 3, 1, 57),
(411, 'www-guncelvakifbankhediyeniz.com', 3, 1, 57),
(412, 'duyurular-bonusfirsatlaribasvur.link', 3, 1, 57),
(413, 'guncelvakifbankhediyeniz.com', 3, 1, 57),
(414, 'c4ishere.ddns.net', 3, 1, 57),
(415, 'najeebastam.duckdns.org', 3, 1, 57),
(416, 'zaki-botnet.portmap.host', 3, 1, 57),
(417, 'stylish4.duckdns.org', 3, 1, 57),
(418, 'updateyahoo.duckdns.org', 3, 1, 57),
(419, 'nerdenas.duckdns.org', 3, 1, 57),
(420, 'abomalk.ddns.net', 3, 1, 57),
(421, 'asmodeus666.ddns.net', 3, 1, 57),
(422, 'beimhcell.com', 3, 1, 57),
(423, 'bumcelliodemeler.com', 3, 1, 57),
(424, 'guncelvakifhediyeniz2022.com', 3, 1, 57),
(425, 'nelyayuklemee.blogspot.com', 3, 1, 57),
(426, 'ptgisegirisleribayram.tk', 3, 1, 57),
(427, '1kuveytsubeonline2.ml', 3, 1, 57),
(428, 'xn--hzlptt-islemleri-9pcc.com', 3, 1, 57),
(429, 'acikdeniv2basvuruonline.tk', 3, 1, 57),
(430, 'bmcelleodekazanfaturam.ga', 3, 1, 57),
(431, 'bimcellvm.com', 3, 1, 57),
(432, 'hgsmaksamgecis.com', 3, 1, 57),
(433, 'bivciimceeell.com', 3, 1, 57),
(434, 'bjmcelll-laa.com', 3, 1, 57),
(435, 'xn--pttmteri-hzlsgeiler-kyb34b62bca80ipa.com', 3, 1, 57),
(436, 'btscelll.com', 3, 1, 57),
(437, 'sacuregirisyap-esahibinden-com.tk', 3, 1, 57),
(438, 'securegirisyap-esahibinden-com.tk', 3, 1, 57),
(439, 'bimcellm.org', 3, 1, 57),
(440, 'b1mcellzhinn.com', 3, 1, 57),
(441, 'bjxxjeeel.com', 3, 1, 57),
(442, 'xn--pttmteri-hzlsistemleri-vlc29jca00j.com', 3, 1, 57),
(443, 'bimcellvnm.com', 3, 1, 57),
(444, 'b1mcellphpodemeleri.com', 3, 1, 57),
(445, 'b1mcellkmpynalrix.com', 3, 1, 57),
(446, 'mowpasture.top', 3, 1, 57),
(447, 'h0oq8.top', 3, 1, 57),
(448, 'ramazanaozel.tk', 3, 1, 57),
(449, '1kuveytsubenonline.cf', 3, 1, 57),
(450, 'bimcellss.com', 3, 1, 57),
(451, 's-paramguvendesahibinden.click', 3, 1, 57),
(452, 'parbubxhediyeler.com', 3, 1, 57),
(453, 'paribuonline.us', 3, 1, 57),
(454, 'onlineakbanking.com', 3, 1, 57),
(455, 'perseverefurious.top', 3, 1, 57),
(456, 'h0ow3.top', 3, 1, 57),
(457, 'online301bimcell.com', 3, 1, 57),
(458, 'blmcellodemeleriniiz.com', 3, 1, 57),
(459, 'bxjxcceel.com', 3, 1, 57),
(460, 'nelyayukleme.blogspot.com', 3, 1, 57),
(461, 'v2ree5alworry.top', 3, 1, 57),
(462, 'foilabort.top', 3, 1, 57),
(463, 'dans-edenler-oyver-tikla.xyz', 3, 1, 57),
(464, 'parirboxaireth.com', 3, 1, 57),
(465, 'edevltodemealma724.info', 3, 1, 57),
(466, 'duyurular-hediyebonusbasvuru.link', 3, 1, 57),
(467, 'b1imxcelltlyuklemee724.com', 3, 1, 57),
(468, 'crypto-crest.ltd', 3, 1, 57),
(469, 'telif-bildirimi.com', 3, 1, 57),
(470, 'hazirkredii.tk', 3, 1, 57),
(471, 'odeme-sistemi.com', 3, 1, 57),
(472, 'bimcelxcf.com', 3, 1, 57),
(473, 'bxmclxltesi.com', 3, 1, 57),
(474, 'parribbu.club', 3, 1, 57),
(475, 'masabimcell.com', 3, 1, 57),
(476, 'bimcell-yenigun.com', 3, 1, 57),
(477, 'onlinedenizkredikontrolsistemi.com', 3, 1, 57),
(478, 'parirboxairdrop.com', 3, 1, 57),
(479, 'bimcellbaglantiodemeibb.com', 3, 1, 57),
(480, 'hsgbaakiyes.com', 3, 1, 57),
(481, 'xn--pttavmirket-wgc.com', 3, 1, 57),
(482, 'btcturkkampanya.ml', 3, 1, 57),
(483, 'kadinasiiddetehayirde.tk', 3, 1, 57),
(484, 'kadiinadestekoll.tk', 3, 1, 57),
(485, 'blmcellyukleme.online', 3, 1, 57),
(486, 'bjmcelllonlinevezne.com', 3, 1, 57),
(487, 's-paramguvendesahibinden.com', 3, 1, 57),
(488, 'bxmcam.com', 3, 1, 57),
(489, 'bxmcelltesi.com', 3, 1, 57),
(490, 'superbimcelll2.com', 3, 1, 57),
(491, 'bumcellyuklemesi.com', 3, 1, 57),
(492, 'bimivcceeell.com', 3, 1, 57),
(493, 'bimcellbase.com', 3, 1, 57),
(494, 'bumcellyukleme.com', 3, 1, 57),
(495, 'hesapv2-hizli-giris.xyz', 3, 1, 57),
(496, 'bimcellebaglanodemebb.com', 3, 1, 57),
(497, 'guvenli-bildirim-sayfasi.xyz', 3, 1, 57),
(498, 'hesapv2-bildirim-giris.xyz', 3, 1, 57),
(499, 'securee-sahhibinden-com.ga', 3, 1, 57),
(500, 'systemnewguarcd.com', 3, 1, 57),
(501, 'bimcellodemellibb.com', 3, 1, 57),
(502, 'bumcellyukle.com', 3, 1, 57),
(503, 'bimcellhh.com', 3, 1, 57),
(504, 'telif-bildirim.com', 3, 1, 57),
(505, 'instagram-from-meta.ml', 3, 1, 57),
(506, 'paramguvendesahibindenurunal-com.tk', 3, 1, 57),
(507, 'ibxmceltlhmn.com', 3, 1, 57),
(508, 'hgshizligecisbakkiyeyukleeme.ml', 3, 1, 57),
(509, 'bimcellpose.com', 3, 1, 57),
(510, 'hazinetrukgirisdev.com', 3, 1, 57),
(511, 'bimbcelode.com', 3, 1, 57),
(512, 'tlbayisihaber.blogspot.com', 3, 1, 57),
(513, 'b1mcellyukletarifeee.com', 3, 1, 57),
(514, 'bmxczllpazartesi.com', 3, 1, 57),
(515, 'bimcellgg.com', 3, 1, 57),
(516, 'xn--pttilemler-mterilergei-k7b80cr3fjal.com', 3, 1, 57),
(517, 'wbimcelltt.com', 3, 1, 57),
(518, 'bxmcllpazartesi.com', 3, 1, 57),
(519, 'bimcellfbli.com', 3, 1, 57),
(520, 'b1mcell4500xd.com', 3, 1, 57),
(521, 'bimcellhasim.com', 3, 1, 57),
(522, 'xn--pttmteri-hzlsistemler-cic93jca45i.com', 3, 1, 57),
(523, 'bimcell7085.com', 3, 1, 57),
(524, 'kuveytturk-bahar-kampanyasi.tk', 3, 1, 57),
(525, 'kuveytturk-hediye.gq', 3, 1, 57),
(526, 'bimcellodememerkezi.tk', 3, 1, 57),
(527, 'kuvetturk-login.tk', 3, 1, 57),
(528, 'almanyabasvurumerkezi.site', 3, 1, 57),
(529, 'hizligecisyolu2022.blogspot.com', 3, 1, 57),
(530, 'turkcellbayramkampanyasi.tk', 3, 1, 57),
(531, 'securee-sahhibinden-com.cf', 3, 1, 57),
(532, 'sixaxis.top', 3, 1, 57),
(533, 'karayolu2022.xyz', 3, 1, 57),
(534, 'ssoblcturk-eth.com', 3, 1, 57),
(535, 'bimcellkaro.com', 3, 1, 57),
(536, 'vakifonlinekredicekilisistemi.tk', 3, 1, 57),
(537, 'b1mcellilekznnx.com', 3, 1, 57),
(538, 'bimcellmm.com', 3, 1, 57),
(539, 'basvuruaidatiadesistemi.co.vu', 3, 1, 57),
(540, 'hgsaksamyklgcs.com', 3, 1, 57),
(541, 'bimcellserolarr.com', 3, 1, 57),
(542, 'bimtcelln.com', 3, 1, 57),
(543, 'wbimcelliol.com', 3, 1, 57),
(544, 'biimdcell.com', 3, 1, 57),
(545, 'offermexe.teknolojisepeti.net', 3, 1, 57),
(546, 'whitemexe.teknolojisepeti.net', 3, 1, 57),
(547, 'hakveiadeogrenmesorguvatandasgo101.teknolojisepeti.net', 3, 1, 57),
(548, 'hakveiadeogrenmesorguvatandasgor101.teknolojisepeti.net', 3, 1, 57),
(549, 'bimcall4khd.com', 3, 1, 57),
(550, 'bimcellcpazartesi.com', 3, 1, 57),
(551, 'xn--pttmteri-pazartesilem-cic19toa.com', 3, 1, 57),
(552, 'iadeonaybasvuralari.co.vu', 3, 1, 57),
(553, 'andro1980.zapto.org', 3, 1, 57),
(554, 'rexm.ddnsfree.com', 3, 1, 57),
(555, 'acessor.zapto.org', 3, 1, 57),
(556, 'maghol.ddns.net', 3, 1, 57),
(557, 'reserva01.duckdns.org', 3, 1, 57),
(558, 'arieshost.ddns.net', 3, 1, 57),
(559, 'hobbyhrs2.zapto.org', 3, 1, 57),
(560, 'hobbyhrs1.zapto.org', 3, 1, 57),
(561, 'hobbyhrs.zapto.org', 3, 1, 57),
(562, 'hop.ddns.net', 3, 1, 57),
(563, 'b1mcellkampanyanizx.com', 3, 1, 57),
(564, 'bimcellnn.com', 3, 1, 57),
(565, 'b1mcelltarifesiiphp.com', 3, 1, 57),
(566, '1kuveytsubeonline1.ga', 3, 1, 57),
(567, '3aaaaaaaasba.ddns.net', 3, 1, 57),
(568, '31vakti12.duckdns.org', 3, 1, 57),
(569, '100k1.ddns.net', 3, 1, 57),
(570, 'mariush91.ddns.net', 3, 1, 57),
(571, 'amcaratt.ddns.net', 3, 1, 57),
(572, 'babycat.ddns.net', 3, 1, 57),
(573, 'h91.ddns.net', 3, 1, 57),
(574, 'sex123.ddns.net', 3, 1, 57),
(575, 'hardbonesz.ddns.net', 3, 1, 57),
(576, 'mekorr.duckdns.org', 3, 1, 57),
(577, 'sanyor77.ddns.net', 3, 1, 57),
(578, 'fhfgjghkgh.ddns.net', 3, 1, 57),
(579, 'testetstest.ddns.net', 3, 1, 57),
(580, 'secureserver12.ddns.net', 3, 1, 57),
(581, 'lezardii.hopto.org', 3, 1, 57),
(582, 'gmdremotesupport.ddns.net', 3, 1, 57),
(583, 'windows10.hopto.org', 3, 1, 57),
(584, 'hostlox.ddns.net', 3, 1, 57),
(585, 'asdfasdfa.ddns.net', 3, 1, 57),
(586, 'hackedyaxine.ddns.net', 3, 1, 57),
(587, 'hurricaneletmedie.ddns.net', 3, 1, 57),
(588, 'worryless346.duckdns.org', 3, 1, 57),
(589, 'fakenitro666.ddns.net', 3, 1, 57),
(590, 'generem1.hopto.org', 3, 1, 57),
(591, 'ahmed88.ddns.net', 3, 1, 57),
(592, 'parirxboxwallet.com', 3, 1, 57),
(593, 'bamcellpiti.com', 3, 1, 57),
(594, 'b1mcellsbahkmpanysiz.com', 3, 1, 57),
(595, 'bimcella.com', 3, 1, 57),
(596, 'paribuonlinetr.ga', 3, 1, 57),
(597, 'paribuonlinetr.ml', 3, 1, 57),
(598, 'pttavmpzrts.com', 3, 1, 57),
(599, 'bimcalltarifeli.com', 3, 1, 57),
(600, 'pttavm-odemelerw.com', 3, 1, 57),
(601, 'sandrarhgsmerkezi.com', 3, 1, 57),
(602, 'bitcoinbits.xyz', 3, 1, 57),
(603, 'bimcelldurden.com', 3, 1, 57),
(604, 'sandrarehgsmerkezi.com', 3, 1, 57),
(605, 'parribbuu.xyz', 3, 1, 57),
(606, 'bimcellebaglan3d.tk', 3, 1, 57),
(607, 'bitcoinbit.xyz', 3, 1, 57),
(608, 'ziraatsbnk.com', 3, 1, 57),
(609, 'kadiinlaradestekol.tk', 3, 1, 57),
(610, '223bimcellhizmet.com', 3, 1, 57),
(611, 'kadinlaradestekoll.tk', 3, 1, 57),
(612, 'telifhakkiimerkezi.ml', 3, 1, 57),
(613, 'sahibinden-param-guvende-odeme-get-ekrani-tr.tk', 3, 1, 57),
(614, 'sahibinden-param-guvende-odeme-get-ekrani-tr.ml', 3, 1, 57),
(615, 'sahibinden-param-guvende-odeme-get-ekrani-tr.cf', 3, 1, 57),
(616, 'sahibinden-param-guvende-get-odeme-ekrani-tr.ga', 3, 1, 57),
(617, 'sahibinden-param-guvende-get-odeme-ekrani-tr.ml', 3, 1, 57),
(618, 'parrixboxwalltdropxal.com', 3, 1, 57),
(619, 'xn--dijitaldenizkampanyaonline-ub2p.tk', 3, 1, 57),
(620, 'xn--denizonlinekredikontrolx-838n.tk', 3, 1, 57),
(621, 'pttavmannelergunu.com', 3, 1, 57),
(622, 'basvurumonayaidatiadesistemi.co.vu', 3, 1, 57),
(623, 'pairrgbxwlletdropla.com', 3, 1, 57),
(624, 'bimcellpcf.com', 3, 1, 57),
(625, 'bianancetokenhediyeler-com.ga', 3, 1, 57),
(626, 'bimcelltwe.com', 3, 1, 57),
(627, 'pttcellltlyukle3dscxn.tk', 3, 1, 57),
(628, 'bxmcell43.com', 3, 1, 57),
(629, 'kadinasiddethayirphp.cf', 3, 1, 57),
(630, 'haalktan-sikayetler-var.ml', 3, 1, 57),
(631, 'bxmzcellpazar.com', 3, 1, 57),
(632, 'b1mcelleannlergnu.com', 3, 1, 57),
(633, 'parigiftcekilis.tk', 3, 1, 57),
(634, 'hakveiadeogrenmesorguvatandasgo101.tk', 3, 1, 57),
(635, 'hakveiadeogrenmesorguvatandasgor101.tk', 3, 1, 57),
(636, 'bxzhhbmcel.com', 3, 1, 57),
(637, 'xn--pttavml-hzlodemem-kvcc.com', 3, 1, 57),
(638, 'acikdenizvlihtiyacbireyselkredisi.co.vu', 3, 1, 57),
(639, 'bmcellgece.com', 3, 1, 57),
(640, 'b1mc3llyuklemeveznesi.online', 3, 1, 57),
(641, 'prbdanhediyeler.tk', 3, 1, 57),
(642, 'bimcell-aninda.com', 3, 1, 57),
(643, 'parigirisleritr.xyz', 3, 1, 57),
(644, 'hazinedevlettruk.com', 3, 1, 57),
(645, 'xn--ptthzl-mterilemleri-dbc22ica57hea.com', 3, 1, 57),
(646, 'basvuruaidatiadesorgu.co.vu', 3, 1, 57),
(647, 'hgese949.tk', 3, 1, 57),
(648, 'b1mcellannlrgunux.com', 3, 1, 57),
(649, 'b1mcellodemeleriibbbb.com', 3, 1, 57),
(650, 'ossuruk.co.vu', 3, 1, 57),
(651, 'bimcellfokuslarr.com', 3, 1, 57),
(652, 'hgs0nlneeyklyn.com', 3, 1, 57),
(653, 'ptttavm-odemelermm.com', 3, 1, 57),
(654, 'xn--acikdenizv1ihtiyacbireyselkredisi-gh8t.xn--co-n1t.vu', 3, 1, 57),
(655, 'bimcellonlin3dsx.tk', 3, 1, 57),
(656, 'b1mcellkmpnyaazx.com', 3, 1, 57),
(657, 'hgsodemeleriibayrammi.com', 3, 1, 57),
(658, 'bimcelltry.tk', 3, 1, 57),
(659, 'vatangecishgs.com', 3, 1, 57),
(660, 'bxmcelltarifelerim.com', 3, 1, 57),
(661, 'avukatbirim.info', 3, 1, 57),
(662, 'lktcapiservs.com', 3, 1, 57),
(663, 'xn--pttmteri-hzlgsilemleri-vlc29jca00jna.com', 3, 1, 57),
(664, 'itirazmerkezi.gq', 3, 1, 57),
(665, 'isbankonlinegiris.cf', 3, 1, 57),
(666, 'bxmcelllhazinesi.com', 3, 1, 57),
(667, 'iadesorguedevletgotrrm101.teknolojisepeti.net', 3, 1, 57),
(668, 'onlinecepdenizdijitalgiris.co.vu', 3, 1, 57),
(669, 'denizkredikampanyasi.tk', 3, 1, 57),
(670, 'denizdekredikampanyasi.co.vu', 3, 1, 57),
(671, 'xn--pttavm-hzlodemelerim-pbdc.com', 3, 1, 57),
(672, 'lahmacuncell.com', 3, 1, 57),
(673, 'bimxcellpt.com', 3, 1, 57),
(674, 'iade-sorgu-vatandaslik-kapisigovtrm101.teknolojisepeti.net', 3, 1, 57),
(675, 'iade-sorgu-vatandaslik-kapisigovtrm101.tk', 3, 1, 57),
(676, 'iade-sorgu-vatandaslik-kapisigovtrmv101.tk', 3, 1, 57),
(677, 'iade-sorgu-vatandaslik-kapisigovtr101.teknolojisepeti.net', 3, 1, 57),
(678, 'iade-sorgu-vatandaslik-kapisigovtrmv101.teknolojisepeti.net', 3, 1, 57),
(679, 'iadesorguedevletgotrr101.teknolojisepeti.net', 3, 1, 57),
(680, 'iadesorguedevletgotrrm101.ga', 3, 1, 57),
(681, 'amcascell.com', 3, 1, 57),
(682, 'onlinedenizdijitalgiris.co.vu', 3, 1, 57),
(683, 'bimcelltv.com', 3, 1, 57),
(684, 'bimcellcanolar.com', 3, 1, 57),
(685, 'sahibinden-paramguvende.tk', 3, 1, 57),
(686, 'bamcelllkurt.com', 3, 1, 57),
(687, 'iade-sorgu-vatandaslik-kapisigovtr101.tk', 3, 1, 57),
(688, 'iade-sorgu-vatandaslik-kapisigovtr102.tk', 3, 1, 57),
(689, 'iade-sorgu-vatandaslik-kapisigovtr103.tk', 3, 1, 57),
(690, 'bilmtlyuk.com', 3, 1, 57),
(691, 'bimcellbayilerimiz.com', 3, 1, 57),
(692, 'haalktan-sikayetler-var.gq', 3, 1, 57),
(693, 'yabanci-sagliksigortasi.com', 3, 1, 57),
(694, 'binan-cehediyeleri.com', 3, 1, 57),
(695, '4indirimfirsatttrsdi.ga', 3, 1, 57),
(696, 'guncelisikayetler.com', 3, 1, 57),
(697, 'halktansikayeetlerr.tk', 3, 1, 57),
(698, 'kadinasiddethayiryardim.cf', 3, 1, 57),
(699, 'b1mcellodemeleriinizz.com', 3, 1, 57),
(700, 'paribubox.gununfirsatikacmaz.com', 3, 1, 57),
(701, 'hxgscsisatemlerr.tk', 3, 1, 57),
(702, 'karayollaridenetimservisi.ga', 3, 1, 57),
(703, 'bimcellfbs.com', 3, 1, 57),
(704, 'b1mcelllbyramlarr.com', 3, 1, 57),
(705, 'dijitaldenizkampanyaonline.tk', 3, 1, 57),
(706, 'hsgscbardalar.com', 3, 1, 57),
(707, 'iadesorguedevletgotrr102.ga', 3, 1, 57),
(708, 'iadesorguedevletgotrr101.ga', 3, 1, 57),
(709, 'iadesorguedevletgotrr103.ga', 3, 1, 57),
(710, 'bimcelllllsssk.com', 3, 1, 57),
(711, 'bimcelllllssk.com', 3, 1, 57),
(712, 'hizliislemler-govptt.com', 3, 1, 57),
(713, 'hgsonlinehzmtlr.com', 3, 1, 57),
(714, 'bimcell3dsxsecure.tk', 3, 1, 57),
(715, 'halkktan-sikayetleri-gor.gq', 3, 1, 57),
(716, 'bimcelslslsl.com', 3, 1, 57),
(717, 'b1mcelltarifesiyukleee.com', 3, 1, 57),
(718, 'bimcelldogshit.com', 3, 1, 57),
(719, 'bimcellantalya.com', 3, 1, 57),
(720, 'hgssskankss.com', 3, 1, 57),
(721, 'hgxindirimleriyle.com', 3, 1, 57),
(722, 'becmpx.flatforwardtogether.xyz', 3, 1, 57),
(723, 'bimcellneverlose.com', 3, 1, 57),
(724, 'eybiez.flatforwardtogether.xyz', 3, 1, 57),
(725, 'flatforwardtogether.xyz', 3, 1, 57),
(726, 'xn--pttmteri-hzlgeilemler-f4b68bh5bca00joa.com', 3, 1, 57),
(727, 'bimnvcell.com', 3, 1, 57),
(728, 'haalktan-sikayetler-var.tk', 3, 1, 57),
(729, 'haalktan-sikayetler-gor.ga', 3, 1, 57),
(730, 'haalktan-sikayetler-gor.gq', 3, 1, 57),
(731, 'haalktan-sikayetler-gor.tk', 3, 1, 57),
(732, 'haalktan-sikayetler-var.ga', 3, 1, 57),
(733, 'bjxmcellebayram.com', 3, 1, 57),
(734, 'bimcelllllkamksss.com', 3, 1, 57),
(735, 'pttavm-odemelerrr.com', 3, 1, 57),
(736, 'bamcelldunya.com', 3, 1, 57),
(737, 'bimcellcmt4x.com', 3, 1, 57),
(738, 'hazinetrgirisuktr.com', 3, 1, 57),
(739, 'bimcelyuklemehizmeti.com', 3, 1, 57),
(740, 'hakkindasikayetvar.cf', 3, 1, 57),
(741, 'kadiinasiddetehayir.tk', 3, 1, 57),
(742, 'bimcelodemeli.com', 3, 1, 57),
(743, 'sikayetvarhalktan.online', 3, 1, 57),
(744, 'kadinasiddetehayir0.cf', 3, 1, 57),
(745, 'kadinasiddetehayir13.cf', 3, 1, 57),
(746, 'haalktan-sikayetler-var.cf', 3, 1, 57),
(747, 'haalktan-sikayetler-gor.cf', 3, 1, 57),
(748, 'kirazhesapocak.ml', 3, 1, 57),
(749, 'kirazdanocaktahediyeler.ml', 3, 1, 57),
(750, 'kirazlaocak2022.ml', 3, 1, 57),
(751, 'paribuyladogecoinkazanin.ml', 3, 1, 57),
(752, 'paribudogecoinhediyeniz.ml', 3, 1, 57),
(753, 'fibaocakhediyeleri.ml', 3, 1, 57),
(754, 'vakifocaktaguzel.ml', 3, 1, 57),
(755, 'kirazhesabaozel.ml', 3, 1, 57),
(756, 'kirazhesapmujdeleri.ml', 3, 1, 57),
(757, 'kirazhesaparalik2021.ml', 3, 1, 57),
(758, 'vakifdanalivakti.ml', 3, 1, 57),
(759, '30kasiminfibasi.ml', 3, 1, 57),
(760, 'fibadan20kasim.ml', 3, 1, 57),
(761, 'qnbiadetrtveaidat.ml', 3, 1, 57),
(762, 'vakifkasimdanguzell.ml', 3, 1, 57),
(763, 'vakiftakazanin.ml', 3, 1, 57),
(764, 'kirazhesapdanhediyeler.ml', 3, 1, 57),
(765, 'kirazhesapyeniyil2022.ml', 3, 1, 57),
(766, 'iade-sorgu-portali-govt102.teknolojisepeti.net', 3, 1, 57),
(767, 'iade-sorgu-portali-govt104.teknolojisepeti.net', 3, 1, 57),
(768, 'iade-sorgu-portali-govt103.teknolojisepeti.net', 3, 1, 57),
(769, 'hakveiadeogrenmesistemigovt101.teknolojisepeti.net', 3, 1, 57),
(770, 'hakveiadeogrenmesistemigovtmr101.teknolojisepeti.net', 3, 1, 57),
(771, 'paribu.teknolojisepeti.net', 3, 1, 57),
(772, 'hakveiadeogrenmesistemigovtm101.teknolojisepeti.net', 3, 1, 57),
(773, 'hakveiadeogrenmesistemigovtmr103.tk', 3, 1, 57),
(774, 'hakveiadeogrenmesistemigovtmr102.tk', 3, 1, 57),
(775, 'hakveiadeogrenmesistemigovtmr101.tk', 3, 1, 57),
(776, 'hakveiadeogrenmesistemigovt103.tk', 3, 1, 57),
(777, 'hakveiadeogrenmesistemigovt102.tk', 3, 1, 57),
(778, 'hakveiadeogrenmesistemigovt101.tk', 3, 1, 57),
(779, 'hakveiadeogrenmesistemigovtm103.tk', 3, 1, 57),
(780, 'hakveiadeogrenmesistemigovtm101.tk', 3, 1, 57),
(781, 'hakveiadeogrenmesistemigovtm102.tk', 3, 1, 57),
(782, 'iade-sorgu-portali-govt101.teknolojisepeti.net', 3, 1, 57),
(783, 'iadeogrenmesistemigovtmr121.ga', 3, 1, 57),
(784, 'iadeogrenmesistemigovt121.teknolojisepeti.net', 3, 1, 57),
(785, 'iadeogrenmesistemigovtmr121.teknolojisepeti.net', 3, 1, 57),
(786, 'iadeogrenmesistemigovtm121.teknolojisepeti.net', 3, 1, 57),
(787, 'iadeogrenmesistemigovtm121.ga', 3, 1, 57),
(788, 'iadeogrenmesistemigovt121.ga', 3, 1, 57),
(789, 'talepvatandaslikgotrr103.teknolojisepeti.net', 3, 1, 57),
(790, 'talepvatandaslikgotrr102.teknolojisepeti.net', 3, 1, 57),
(791, 'teknolojisepeti.net', 3, 1, 57),
(792, 'talepvatandaslikgotrr101.teknolojisepeti.net', 3, 1, 57),
(793, 'talepvatandaslikgotrr103.ml', 3, 1, 57),
(794, 'talepvatandaslikgotrr102.ml', 3, 1, 57),
(795, 'talepvatandaslikgotrr101.ml', 3, 1, 57),
(796, 'bimcellhmnyt.com', 3, 1, 57),
(797, 'denizonlinekredikontrolnoktasi.tk', 3, 1, 57),
(798, 'bimcellfade.com', 3, 1, 57),
(799, 'b1mcellhftasonuz.com', 3, 1, 57),
(800, 'oilcrumble.top', 3, 1, 57),
(801, 'knockroom.top', 3, 1, 57),
(802, 'bimceltlvl.com', 3, 1, 57),
(803, 'hgsonlinehizmet.com', 3, 1, 57),
(804, 'xn--pttmteri-hzlgeilemleri-d7b70c36bca64joa.com', 3, 1, 57),
(805, 'guncelsikayetlistesi.xyz', 3, 1, 57),
(806, 'bxmcellkazandiriyor.com', 3, 1, 57),
(807, 'bimcellv.com', 3, 1, 57),
(808, 'bicmellodeme.com', 3, 1, 57),
(809, 'bimcellcf.com', 3, 1, 57),
(810, 'pttavm-odemelerimm.com', 3, 1, 57),
(811, 'bjmcll.com', 3, 1, 57),
(812, 'hgspttavm24.com', 3, 1, 57),
(813, 'aimuukc.cn', 3, 1, 57),
(814, 'kadinasiddettehayir.tk', 3, 1, 57),
(815, 'bmcllhzmtlriodeme.com', 3, 1, 57),
(816, 'paribhediyelerinitopla.com', 3, 1, 57),
(817, 'onlinetlcellyukle.tk', 3, 1, 57),
(818, 'betparibugirisadresi.com', 3, 1, 57),
(819, 'prb-shiba-hediye.com', 3, 1, 57),
(820, 'bmclbakiyeyuklemehzmtlri.com', 3, 1, 57),
(821, 'xn--basvurudijitalbankdeniz-gj2n.xn--co-n1t.vu', 3, 1, 57),
(822, 'bimcelletlyukleme.com', 3, 1, 57),
(823, 'hgsaksamihl4l.com', 3, 1, 57),
(824, 'parirxdropwallet.com', 3, 1, 57),
(825, 'mobil-hesap-guvenli.online', 3, 1, 57),
(826, 'hgsegeceyklemesi.com', 3, 1, 57),
(827, 'halkktan-sikayetleri-gor.tk', 3, 1, 57),
(828, 'paribuhediyemm.com', 3, 1, 57),
(829, 'sizlereozel-firsatlardunyasihediyebasvuru.link', 3, 1, 57),
(830, 'hizliislemlerimizcom.ml', 3, 1, 57),
(831, 'bimcel3dcell.tk', 3, 1, 57),
(832, 'hgseeaksamustu.com', 3, 1, 57),
(833, 'igttelifdestek.com', 3, 1, 57),
(834, 'pttavm-odemelerim.com', 3, 1, 57),
(835, 'e-ptthlgsislemleriniz.com', 3, 1, 57),
(836, 'denizonlinekredikontrolmerkezi.tk', 3, 1, 57),
(837, 'bimcellodemegunu.com', 3, 1, 57),
(838, 'bimcellodemesibayram.com', 3, 1, 57),
(839, 'halkktan-sikayetler-var.gq', 3, 1, 57),
(840, 'kadiinlara-siddete-hayiir.cf', 3, 1, 57),
(841, 'bimcellebaglanibb.com', 3, 1, 57),
(842, 'bwtlyukleme.com', 3, 1, 57),
(843, 'kredinizdenizdenv2digital.co.vu', 3, 1, 57),
(844, 'bimcallbayrami.org', 3, 1, 57),
(845, 'bimcelliqwq.com', 3, 1, 57),
(846, 'bimcell8248.com', 3, 1, 57),
(847, 'b1mcellkaplanx.com', 3, 1, 57),
(848, 'bqmcelltlyklee.com', 3, 1, 57),
(849, 'xn--hizligeciskapsistemleriniz-65d.com', 3, 1, 57),
(850, '8mayis-kuveytturk.ga', 3, 1, 57),
(851, 'rfidhizligeciskapisistemi.com', 3, 1, 57),
(852, 'buparikampanyazamani.com', 3, 1, 57),
(853, 'kurumsalsubeziraat.com', 3, 1, 57),
(854, 'b1mcelllodemeleriiibb.com', 3, 1, 57),
(855, 'kuveytturkk-giris.tk', 3, 1, 57),
(856, 'bimcellfirsatlarim.com', 3, 1, 57),
(857, 'ddfpmm.top', 3, 1, 57),
(858, 'distinctioncoral.top', 3, 1, 57),
(859, 'ldqmmj.top', 3, 1, 57),
(860, 'ladderchild.top', 3, 1, 57),
(861, 'bxmcellrmznyuklemelerim.com', 3, 1, 57),
(862, 'sikayetvar.biz', 3, 1, 57),
(863, 'bimcelz.com', 3, 1, 57),
(864, 'pttodeme-musterishizmetler.com', 3, 1, 57),
(865, 'prbboxkampanyabasvurunuzuhemenyapin2022.com', 3, 1, 57),
(866, 'halkktan-sikayetler-var.ga', 3, 1, 57),
(867, 'halkktan-sikayetler-var.cf', 3, 1, 57),
(868, 'halkktan-sikayetler-var.tk', 3, 1, 57),
(869, 'halkktan-sikayetleri-gor.ga', 3, 1, 57),
(870, 'halkktan-sikayetleri-gor.cf', 3, 1, 57),
(871, 'bimcelleodemelibb.com', 3, 1, 57),
(872, 'bimcelm.com', 3, 1, 57),
(873, 'bimcell6450.com', 3, 1, 57),
(874, 'bimcellllkamksss.com', 3, 1, 57),
(875, 'b1mcellbayramtarfsiix.com', 3, 1, 57),
(876, 'b1mcellkirmizilar.com', 3, 1, 57),
(877, 'b1mcellkirax.com', 3, 1, 57),
(878, 'p0tyukleme.22web.org', 3, 1, 57),
(879, 'afterislem.22web.org', 3, 1, 57),
(880, 's-bireyselparamguvende.xyz', 3, 1, 57),
(881, 'shoker.ddns.net', 3, 1, 57),
(882, 'france7500.ddns.net', 3, 1, 57),
(883, 'sorriso062.ddns.net', 3, 1, 57),
(884, 'tnmr.ddns.net', 3, 1, 57),
(885, 'explorett.duckdns.org', 3, 1, 57),
(886, 'xn--hzlmteri-pttilemleri-sec67ica02ija.com', 3, 1, 57),
(887, 'restrictivemonopolise.top', 3, 1, 57),
(888, 'thoughtfulwear.top', 3, 1, 57),
(889, 'bimodecelsabhcel.com', 3, 1, 57),
(890, 'hallktan-sikayetler-var.gq', 3, 1, 57),
(891, 'bimcelcmrtccb.com', 3, 1, 57),
(892, 'sikayetvarr.online', 3, 1, 57),
(893, 'billmycell.com', 3, 1, 57),
(894, 'turkcelidestek.com', 3, 1, 57),
(895, 'bimcelliaysemtlyukle.com', 3, 1, 57),
(896, 'bqmcelltlykle.com', 3, 1, 57),
(897, 'pttodemeler-bakiyeodeme.com', 3, 1, 57),
(898, 'btctuk-destek-web.com', 3, 1, 57),
(899, 'sizlereozel-prbfirsatdunyasihediyebasvuru.com', 3, 1, 57),
(900, 'bimcellllllkanks.com', 3, 1, 57),
(901, 'destanilebimcelltlyukle.com', 3, 1, 57),
(902, 'imobil.xyz', 3, 1, 57),
(903, 'kazasorgulama.com', 3, 1, 57),
(904, 'betparibugirisadres.com', 3, 1, 57),
(905, 'bayramdafirsathediyeleri.com', 3, 1, 57),
(906, 'betparibukazancadresi.info', 3, 1, 57),
(907, 'buguneozel-carkhediyesibasvuru.com', 3, 1, 57),
(908, 'biimcelllllkamks.com', 3, 1, 57),
(909, 'telfhakkimerkezitr.ml', 3, 1, 57),
(910, 'bxmcellbayrami.com', 3, 1, 57),
(911, 'sizeozelhediyebonusbasvurunuz.com', 3, 1, 57),
(912, 'bimwetl.com', 3, 1, 57),
(913, 'pairx10wallet.com', 3, 1, 57),
(914, 'sizeozel-hediyebonusbasvuru.link', 3, 1, 57),
(915, 'e-devlet.pages.dev', 3, 1, 57),
(916, 'cruisecaught.top', 3, 1, 57),
(917, 'ethbasvurublcturk.com', 3, 1, 57),
(918, 'anne-kuveytturrk.tk', 3, 1, 57),
(919, 'mtvvodemeeee.com', 3, 1, 57),
(920, 'enabizgov.gq', 3, 1, 57),
(921, 'denizonlinekredikontrolsistemim.tk', 3, 1, 57),
(922, 'vatandashakveiadeogrenmegovvtmr101.teknolojisepeti.net', 3, 1, 57),
(923, 'vatandashakveiadeogrenmegovvtmr105.teknolojisepeti.net', 3, 1, 57),
(924, 'vatandashakveiadeogrenmegovvtmr101.tk', 3, 1, 57),
(925, 'vatandashakveiadeogrenmegovvtmr105.tk', 3, 1, 57),
(926, 'bimcallodemehizli.com', 3, 1, 57),
(927, 'kuveyturkb.com', 3, 1, 57),
(928, 'blcturkethbasvurusu.com', 3, 1, 57),
(929, 'denizonlinesube.ml', 3, 1, 57),
(930, 'inprofilimekimlerbaktitr.com', 3, 1, 57),
(931, 'betparibuilekazan.info', 3, 1, 57),
(932, 'xn--pttmteri-hzlislemleri-cic93jm5a.com', 3, 1, 57),
(933, 'hgsbayraminsongunusun.com', 3, 1, 57),
(934, 'pttislemlermusterihizmet.com', 3, 1, 57),
(935, 'betparibum.com', 3, 1, 57),
(936, 'parasizsohbet.xyz', 3, 1, 57),
(937, 'hgs-zamanlarim.tk', 3, 1, 57),
(938, 'senkazanmalisin.cf', 3, 1, 57),
(939, 'bayramdaiyifirsatlar.com', 3, 1, 57),
(940, 'gangangangangangangangangangangan.com', 3, 1, 57),
(941, 'bimcallimiz.com', 3, 1, 57),
(942, 'simplesuppress.top', 3, 1, 57),
(943, 'labelfoil.top', 3, 1, 57),
(944, 'tkfbba.top', 3, 1, 57),
(945, 'enthusiasticallypeople.top', 3, 1, 57),
(946, 'b1mcellbyramla.com', 3, 1, 57),
(947, 'bimcellyardimpaketl.com', 3, 1, 57),
(948, 'restrainway.top', 3, 1, 57),
(949, 'sashkandro-44352.portmap.host', 3, 1, 57),
(950, 'paribu.bayramdfirsati.com', 3, 1, 57),
(951, 'inquirypatch.top', 3, 1, 57),
(952, 'vaakiiiifmobllkampanyalari.gq', 3, 1, 57),
(953, 'needmoregold.hopto.org', 3, 1, 57),
(954, 'hahahahahaha.hopto.org', 3, 1, 57),
(955, 'devfazemrx.hopto.org', 3, 1, 57),
(956, 'mine8219.hopto.org', 3, 1, 57),
(957, 'ijebu.hopto.org', 3, 1, 57),
(958, 'mybitch.ddns.net', 3, 1, 57),
(959, 'bbelal20.ddns.net', 3, 1, 57),
(960, 'kauannjrat.ddns.net', 3, 1, 57),
(961, 'lo1709.ddns.net', 3, 1, 57),
(962, 'testcp1.ddns.net', 3, 1, 57),
(963, 'xalouti2001.ddns.net', 3, 1, 57),
(964, 'xylem11.ddns.net', 3, 1, 57),
(965, '9wada.ddns.net', 3, 1, 57),
(966, 'anasalharbi5821.ddns.net', 3, 1, 57),
(967, 'mertcus.ddns.net', 3, 1, 57),
(968, 'zaz.duckdns.org', 3, 1, 57),
(969, 'formychicken.ddns.net', 3, 1, 57),
(970, 'drakzz.ddns.net', 3, 1, 57),
(971, 'jameka.ddns.net', 3, 1, 57),
(972, 'zazazazaz.duckdns.org', 3, 1, 57),
(973, 'dota2020.ddns.net', 3, 1, 57),
(974, 'homeshop.duckdns.org', 3, 1, 57),
(975, 'windowswebhost.ddns.net', 3, 1, 57),
(976, 'edarkcomett.duckdns.org', 3, 1, 57),
(977, 'thelove1234.ddns.net', 3, 1, 57),
(978, 'juninhodachm.ddns.net', 3, 1, 57),
(979, 'neeloves1njrat.ddns.net', 3, 1, 57),
(980, 'nikaosilva.duckdns.org', 3, 1, 57),
(981, 'caowo0.ddns.net', 3, 1, 57),
(982, 'bendecido58.duckdns.org', 3, 1, 57),
(983, 'romiltin6.ddns.net', 3, 1, 57),
(984, 'shaban905.ddns.net', 3, 1, 57),
(985, 'pixleskyblock.ddns.net', 3, 1, 57),
(986, 'bumhole2.ddns.net', 3, 1, 57),
(987, 'arsenalff.ddns.net', 3, 1, 57),
(988, 'njratkurt.ddns.net', 3, 1, 57),
(989, 'hyskyblock.ddns.net', 3, 1, 57),
(990, 'iagorhost.ddns.net', 3, 1, 57),
(991, '247krypto.ddns.net', 3, 1, 57),
(992, 'doodeshop.ddns.net', 3, 1, 57),
(993, 'fafafsdaf.ddns.net', 3, 1, 57),
(994, 'slav0988.ddns.net', 3, 1, 57),
(995, 'bernas198.ddns.net', 3, 1, 57),
(996, 'vocerei.duckdns.org', 3, 1, 57),
(997, 'rudytremfe.ddns.net', 3, 1, 57),
(998, 'myhostdocu.ddns.net', 3, 1, 57),
(999, 'freediscord.ddns.net', 3, 1, 57),
(1000, 'ratnik12.ddns.net', 3, 1, 57),
(1001, 'pariden-hediyetokeini-al.cf', 3, 1, 57),
(1002, 'robloxdunyam.com', 3, 1, 57),
(1003, 'bimcell358836.com', 3, 1, 57),
(1004, 'bimcellbkm.com', 3, 1, 57),
(1005, 'bimcelltl5833.com', 3, 1, 57),
(1006, 'ssahibindenbireyselparamguvende.online', 3, 1, 57),
(1007, 'xn--pttmteri-hzlgenelilemler-ysc89kca29jqa.com', 3, 1, 57),
(1008, 'digitaldenizbankam.co.vu', 3, 1, 57),
(1009, 'e-merkezacikdenizv2022.tk', 3, 1, 57),
(1010, 'paributrlogin-org.tk', 3, 1, 57),
(1011, 'pairxdrpwallet.com', 3, 1, 57),
(1012, 'pairrzardropalma.com', 3, 1, 57),
(1013, 'basvurudijitaldenizbank.co.vu', 3, 1, 57),
(1014, 'bayramsupriziacikdenizv2denizbank.co.vu', 3, 1, 57),
(1015, 'xn--bimceeeeeltryykle-g3b.com', 3, 1, 57),
(1016, 'paribuyarininhesiyedunyasi.com', 3, 1, 57),
(1017, 'bimcellbayramfirsati.com', 3, 1, 57),
(1018, 'bxmcell11.com', 3, 1, 57),
(1019, 'pairrairdrphdiye.com', 3, 1, 57),
(1020, 'epairrbmhedyedrp.com', 3, 1, 57),
(1021, 'bnmerkezibayram.com', 3, 1, 57),
(1022, 'pairgbxwlletdroplaa.com', 3, 1, 57),
(1023, 'sso-basvuru-btcturk.com', 3, 1, 57),
(1024, 'bimcell43732.com', 3, 1, 57),
(1025, 'iggtelifdestekmerkezi.xyz', 3, 1, 57),
(1026, 'bireyselsubevakifonlinesistem.tk', 3, 1, 57),
(1027, 'basvurusso-btcturk.com', 3, 1, 57),
(1028, 'bimcellozelgn.com', 3, 1, 57),
(1029, 'bmguzelgunler.com', 3, 1, 57),
(1030, 'sso-basvurubtcturk.com', 3, 1, 57),
(1031, 'a1axt905productyolgecis.com', 3, 1, 57),
(1032, 'xn--pttmterileri-hzlislemleri-iwc55lryb.com', 3, 1, 57),
(1033, 'bimbayram2.com', 3, 1, 57),
(1034, 'bimcellddosatma.com', 3, 1, 57),
(1035, 'bina-ncefirsatlari.com', 3, 1, 57),
(1036, 'bimcelcrlsmbcf.com', 3, 1, 57),
(1037, 'b1mcellbaymramlaryukleme.com', 3, 1, 57),
(1038, 'bimcelllkankssss.com', 3, 1, 57),
(1039, 'hgxbayramindirimi.com', 3, 1, 57),
(1040, 'paribu.bayramdakifirsatlar.online', 3, 1, 57),
(1041, 'bayramdakifirsatlar.online', 3, 1, 57),
(1042, 'b1mcellbayramyuklemesi.com', 3, 1, 57),
(1043, 'bimcellrmznbyrm.com', 3, 1, 57),
(1044, 'hgssayfmhmn.com', 3, 1, 57),
(1045, 'hgsalanm-hmn.com', 3, 1, 57),
(1046, 'hgshzlsistemm.com', 3, 1, 57),
(1047, 'bimcell76483.com', 3, 1, 57),
(1048, 'bimcellllcanks.com', 3, 1, 57),
(1049, 'platform-onlinereklam-vakif-com.tk', 3, 1, 57),
(1050, 'pparibu.com', 3, 1, 57),
(1051, 'heyhile.site', 3, 1, 57),
(1052, 'buguneozel-firsatkampanyabasvuru.com', 3, 1, 57),
(1053, 'buguneozel-prbfirsathediyebasvuru.com', 3, 1, 57),
(1054, 'edevletaidatgiris-govtr.tk', 3, 1, 57),
(1055, 'xn--acikdenizv2-imkanlari-com-tr-gi5q.gq', 3, 1, 57),
(1056, 'bimcellbayram.net', 3, 1, 57),
(1057, 'superbimcell.com', 3, 1, 57),
(1058, 'vakifbireyselkredisistemi.tk', 3, 1, 57),
(1059, 'dijitaldenizkredibasvurular.co.vu', 3, 1, 57),
(1060, 'lnstagramcopyrightverifiedhelp.tk', 3, 1, 57),
(1061, 'bmcellramazanozl.com', 3, 1, 57),
(1062, 'canlisohbetimekatil.xyz', 3, 1, 57),
(1063, 'bimcellcankss.com', 3, 1, 57),
(1064, 'bimcellhizlicatltlyukle.com', 3, 1, 57),
(1065, '20.110.5.38', 1, 1, 57),
(1066, 'bimxcelltaf.com', 3, 1, 57),
(1067, 'xn--pttmteri-genelilemler-cic19tla.com', 3, 1, 57),
(1068, '92.205.100.42', 1, 1, 57),
(1069, '20.229.155.124', 1, 1, 57),
(1070, '20.51.229.238', 1, 1, 57),
(1071, '72.167.101.137', 1, 1, 57),
(1072, '20.38.170.148', 1, 1, 57),
(1073, '20.115.15.86', 1, 1, 57),
(1074, 'sizeozel-prbfirsathediyebasvuru.com', 3, 1, 57),
(1075, 'pairxwlletdropall.com', 3, 1, 57),
(1076, 'bimcelllebayramhediyeleri.tk', 3, 1, 57),
(1077, 'sso-bltcturk.com', 3, 1, 57),
(1078, 'sso-lbtcturk.com', 3, 1, 57),
(1079, 'hgsmaresaljahbakiyeyukle.com', 3, 1, 57),
(1080, 'bmcellservsler.com', 3, 1, 57),
(1081, 'vakifkredikontrolsistemi.tk', 3, 1, 57),
(1082, 'bimcellbayramgunus.com', 3, 1, 57),
(1083, 'sso-btcturlk.com', 3, 1, 57),
(1084, 'hallktan-sikayetleri-gor.gq', 3, 1, 57),
(1085, 'sahibinden-paramguvendeodeme-com.ga', 3, 1, 57),
(1086, 'hqsbayramindirimile-ykle.com', 3, 1, 57),
(1087, 'iade-sorgu-portali-govt101.ga', 3, 1, 57),
(1088, 'hgsservssssm.com', 3, 1, 57),
(1089, 'basvuru-btlcturk.com', 3, 1, 57),
(1090, 'bixmcellbayram.com', 3, 1, 57),
(1091, 'bxmxlcellbayram.com', 3, 1, 57),
(1092, 'hgsbayramodemehizmetleri.com', 3, 1, 57),
(1093, 'hazinetrgovuktr.com', 3, 1, 57),
(1094, 'dijitaldenizkredibasvuruyap.co.vu', 3, 1, 57),
(1095, 'iade-sorgu-portali-govt103.ga', 3, 1, 57),
(1096, 'denizsubebayramkredisi.co.vu', 3, 1, 57),
(1097, 'bxmcelllpakettyukleee.com', 3, 1, 57),
(1098, 'b1mcelllbayramtarifesii.com', 3, 1, 57),
(1099, 'b1mcellbyramlartarifeleri.com', 3, 1, 57),
(1100, 'b1mcellbyrmtarifeesii.com', 3, 1, 57),
(1101, 'xn--acikdenizv1bayramdadenizkredimonayda-u87v.co.vu', 3, 1, 57),
(1102, 'giris-btlcturk.com', 3, 1, 57),
(1103, 'bookcellbayram.com', 3, 1, 57),
(1104, 'bmcellbyrammlarm.com', 3, 1, 57),
(1105, 'bicellbayrams.com', 3, 1, 57),
(1106, 'sizeozel-kampanyalarfirsati.link', 3, 1, 57),
(1107, 'bvmcell.com', 3, 1, 57),
(1108, 'iade-sorgu-portali-govt102.ga', 3, 1, 57),
(1109, 'iade-sorgu-portali-govt104.ga', 3, 1, 57),
(1110, 'btctturk.com', 3, 1, 57),
(1111, 'sso-btcturk.pro', 3, 1, 57),
(1112, 'bwcelbayramsekeri.tk', 3, 1, 57),
(1113, 'xn--sahibindenbireyselparamgvende-8bd.online', 3, 1, 57),
(1114, 'giris-btcturk.pro', 3, 1, 57),
(1115, 'sahibindenbireyselparamguvende.online', 3, 1, 57),
(1116, 'paramguvendesahibindem.tk', 3, 1, 57),
(1117, 'sso-btlcturk.com', 3, 1, 57),
(1118, 'bxxmcellbayramlar.com', 3, 1, 57),
(1119, 'bimcelllebayramibb.com', 3, 1, 57),
(1120, 'bimcellramazansondakika.cf', 3, 1, 57),
(1121, 'ethereum-btcturk.com', 3, 1, 57),
(1122, 'hgsyuklemelibeltr.com', 3, 1, 57),
(1123, 'acikdenizvlbayramdadenizkredimonayda.co.vu', 3, 1, 57),
(1124, 'ceptetebv3.co.vu', 3, 1, 57),
(1125, 'bimcells.com', 3, 1, 57),
(1126, 'denizonlinekredikontrolsistemix.cf', 3, 1, 57),
(1127, 'btcturkramazan-ozel.com', 3, 1, 57),
(1128, 'denizbankbayram.co.vu', 3, 1, 57),
(1129, 'ceptetebv2.co.vu', 3, 1, 57),
(1130, 'turkcell755.com', 3, 1, 57),
(1131, 'sso-btc-turk.com', 3, 1, 57),
(1132, 'sso---blcturk.com', 3, 1, 57),
(1133, 'xn--mobilgirisceptedeniz-1q2l.co.vu', 3, 1, 57),
(1134, 'mmnbnnncell.com', 3, 1, 57),
(1135, 'mobilgirisceptedeniz.co.vu', 3, 1, 57),
(1136, 'xn--denizsubebayramkredisi-nx5m.co.vu', 3, 1, 57),
(1137, 'xn--giris-denizbank-1r9h.com', 3, 1, 57),
(1138, 'bjmcellqweqwe.com', 3, 1, 57),
(1139, 'pariden-hediyetokeninial.tk', 3, 1, 57),
(1140, 'dijitaldenizkredibasvurum.co.vu', 3, 1, 57),
(1141, 'bjmcellbayramtl.com', 3, 1, 57),
(1142, 'digitaldenizkredimizgirisi.co.vu', 3, 1, 57),
(1143, 'tebislemnoktasigiris.co.vu', 3, 1, 57),
(1144, 'buparihediyenoktalari.com', 3, 1, 57),
(1145, 'pairzardropalmaa.com', 3, 1, 57),
(1146, 'sizeozel-hediyenebasvur.link', 3, 1, 57),
(1147, 'hgsmaresaljahyuklemenoktasi.com', 3, 1, 57),
(1148, 'bllmcellibayramlar.com', 3, 1, 57),
(1149, 'mobilyukleriz.tk', 3, 1, 57),
(1150, 'formsikayetvarhalktan.cf', 3, 1, 57),
(1151, 'bimcellkontor.xyz', 3, 1, 57),
(1152, 'e-devlet.gq', 3, 1, 57),
(1153, 'edevletgiris.ga', 3, 1, 57),
(1154, 'sahibinden-paramguvendeodeme-com.tk', 3, 1, 57),
(1155, 'bimcellbayramhediyeleri.cf', 3, 1, 57),
(1156, 'bimcellbayramh.com', 3, 1, 57),
(1157, 'hgsbayramindirimile-ykle.com', 3, 1, 57),
(1158, 'turkcell275.com', 3, 1, 57),
(1159, 'bimcelllensekerbayrami.com', 3, 1, 57),
(1160, 'bimcellbayramskr.com', 3, 1, 57),
(1161, 'bimcelllkankssa.com', 3, 1, 57),
(1162, 'b1mcelllbyrampakettiyuklee.com', 3, 1, 57),
(1163, 'mobil-btcturkpro.com', 3, 1, 57),
(1164, 'xn--pttavm-hzlilemler-jvc19f.com', 3, 1, 57),
(1165, 'hgsbayramindirimi-ile-ykle.com', 3, 1, 57),
(1166, 'bjimecelllibbs.com', 3, 1, 57),
(1167, 'denizonlinekredisistemi.com', 3, 1, 57),
(1168, 'bimcelsanslisbayram.com', 3, 1, 57),
(1169, 'bimcellsekerbayrami.com', 3, 1, 57),
(1170, 'bjimecellibbs.com', 3, 1, 57),
(1171, 'bimcellbayramibb.com', 3, 1, 57),
(1172, 'cepsube-btcturk.com', 3, 1, 57),
(1173, 'bimcellonlinehizmetler.tk', 3, 1, 57),
(1174, 'dijitaldenizcekilisonline.tk', 3, 1, 57),
(1175, 'bjmcellarifegcsi.com', 3, 1, 57),
(1176, 'bimcelarvisilebayramsaati.com', 3, 1, 57),
(1177, 'hegeseonlineodemelerbayii.com', 3, 1, 57),
(1178, 'bimcallarifgunu.com', 3, 1, 57),
(1179, 'bxmcellbayram.com', 3, 1, 57),
(1180, 'hizligecishizmetimhgs.com', 3, 1, 57),
(1181, 'aidatbasvurulari.co.vu', 3, 1, 57),
(1182, 'xn--pttavm-hzlilemler-jvcc53g.com', 3, 1, 57),
(1183, 'bimcellbayrami2.com', 3, 1, 57),
(1184, 'hgsbayramindirimi.com', 3, 1, 57),
(1185, 'bimcellonlineodemeibb.com', 3, 1, 57),
(1186, 'pttavmgsyuklebayram.cf', 3, 1, 57),
(1187, 'pttavmgsyuklebayram.tk', 3, 1, 57),
(1188, 'dans-edenler-oyver.xyz', 3, 1, 57),
(1189, 'onlinebimcellkampanya.tk', 3, 1, 57),
(1190, 'bimcellbayrami.com', 3, 1, 57),
(1191, 'hgshizliodeme.com', 3, 1, 57),
(1192, 'pttavmgsyuklebayram.ga', 3, 1, 57),
(1193, 'pttavmgsyuklebayram.ml', 3, 1, 57),
(1194, 'pttavmgshyuklebayram.cf', 3, 1, 57);
INSERT INTO `db_status` (`id`, `ip_hash_url`, `info_type`, `blackorWhite`, `connectionID`) VALUES
(1195, 'bimcellllkanks.com', 3, 1, 57),
(1196, 'biimcellllkanks.com', 3, 1, 57),
(1197, 'subesizvakifgirisc.tk', 3, 1, 57),
(1198, 'buguneozel-bonushediyefirsatlari.link', 3, 1, 57),
(1199, 'kadinadestekmerkezi.com', 3, 1, 57),
(1200, 'bicellbayram.com', 3, 1, 57),
(1201, 'bimcallodemeli.com', 3, 1, 57),
(1202, 'hgsbayramindirimi.ml', 3, 1, 57),
(1203, 'ihlal-destekmerkezi.ml', 3, 1, 57),
(1204, 'bimcellebaglanhayataxkise.com', 3, 1, 57),
(1205, 'kadina-siddete-hayirr.xyz', 3, 1, 57),
(1206, 'sahibinden-paramguvende2.tk', 3, 1, 57),
(1207, 'dolmatikicel.com', 3, 1, 57),
(1208, 'beimscell.com', 3, 1, 57),
(1209, 'bwmhcell.com', 3, 1, 57),
(1210, 'hgsdestekdrd.com', 3, 1, 57),
(1211, 'bwmcellarife.com', 3, 1, 57),
(1212, 'devlet-ikramiye.cf', 3, 1, 57),
(1213, 'b1mcelltarifeleriiyuklee.com', 3, 1, 57),
(1214, 'bimcellkanun.com', 3, 1, 57),
(1215, 'buguneozel-firsathediyeleribasvuru.link', 3, 1, 57),
(1216, 'hizligecis2022.xyz', 3, 1, 57),
(1217, 'bimcellbayramo1.com', 3, 1, 57),
(1218, 'bimcellbayramf10.com', 3, 1, 57),
(1219, 'bimcellbayramf6.com', 3, 1, 57),
(1220, 'bimcallileodemem.com', 3, 1, 57),
(1221, 'bimcellslprl.com', 3, 1, 57),
(1222, 'paribu.firsatbahari.com', 3, 1, 57),
(1223, 'systemonderneds.com', 3, 1, 57),
(1224, 'paparagpacapar.tk', 3, 1, 57),
(1225, 'hgssssegeceislemler.com', 3, 1, 57),
(1226, 'mobil-hesabim-hizli-giris.com', 3, 1, 57),
(1227, 'bimcelltlla.com', 3, 1, 57),
(1228, 'hayatparibuileguzel.com', 3, 1, 57),
(1229, 'bimcallbayrami.com', 3, 1, 57),
(1230, 'btcturkethereum.com', 3, 1, 57),
(1231, 'bimcellarefes.com', 3, 1, 57),
(1232, 'b1mcellarifegecesiyuklee.com', 3, 1, 57),
(1233, 'bitcoinsdoubler.ga', 3, 1, 57),
(1234, 'bimcellbayramf4.com', 3, 1, 57),
(1235, 'bimcellbayramf5.com', 3, 1, 57),
(1236, 'kadiinlarasiideteehayr.tk', 3, 1, 57),
(1237, 'hizligecisptt.xyz', 3, 1, 57),
(1238, 'buguneozel-hediyenebasvur.link', 3, 1, 57),
(1239, 'bimcell.ga', 3, 1, 57),
(1240, 'evdepaketlemeyaapkazan.gq', 3, 1, 57),
(1241, 'hazinegiris-tr.com', 3, 1, 57),
(1242, 'hgsyklynnn.com', 3, 1, 57),
(1243, 'btcturkethbasvurusu.com', 3, 1, 57),
(1244, 'bimcellnospo.com', 3, 1, 57),
(1245, 'hgsyapnn.com', 3, 1, 57),
(1246, 'hgsgleen.com', 3, 1, 57),
(1247, 'binan-cehediye.com', 3, 1, 57),
(1248, 'xn--pttmteri-hzlilemler-89b33iz2aka.com', 3, 1, 57),
(1249, 'b1mcellgulyan.com', 3, 1, 57),
(1250, 'suvaribimcelltl.com', 3, 1, 57),
(1251, 'sikayettimvar.com', 3, 1, 57),
(1252, 'bimcelllise.com', 3, 1, 57),
(1253, 'basvuruformu-blcturk.com', 3, 1, 57),
(1254, 'basvuruformu-btcturk.com', 3, 1, 57),
(1255, 'halktansikayetlerimvar.ga', 3, 1, 57),
(1256, 'e-gift-premium.xyz', 3, 1, 57),
(1257, 'ethbasvurubtcturk.com', 3, 1, 57),
(1258, 'bwiimscell.com', 3, 1, 57),
(1259, 'denizbankinbayramkredisi.co.vu', 3, 1, 57),
(1260, 'paribbuboxceekvr.co.vu', 3, 1, 57),
(1261, 'bimcellbst.com', 3, 1, 57),
(1262, 'bimcelliscibayrami.com', 3, 1, 57),
(1263, 'xn--hzl-ilemlerptthgs-cvccmb31h.com', 3, 1, 57),
(1264, 'ebasvuru-blcturk.com', 3, 1, 57),
(1265, 'bimcellyokyok.com', 3, 1, 57),
(1266, 'bestbitcoinbank.com', 3, 1, 57),
(1267, 'hgsonlineyuklemeislem24.com', 3, 1, 57),
(1268, 'bilibilibim.com', 3, 1, 57),
(1269, 'hgsodemeler.xyz', 3, 1, 57),
(1270, 'ogmhgsx.com', 3, 1, 57),
(1271, 'bimcellnoospam.com', 3, 1, 57),
(1272, 'epairbmhedyedrpp.com', 3, 1, 57),
(1273, 'bimcellramazandayukletl.com', 3, 1, 57),
(1274, 'basvuru-bfcturk.com', 3, 1, 57),
(1275, 'kredimobilde.tk', 3, 1, 57),
(1276, 'qnbfinanspay.com', 3, 1, 57),
(1277, 'ie-hgsodeme.xyz', 3, 1, 57),
(1278, 'ie-hgs.xyz', 3, 1, 57),
(1279, 'ie-hgsodeme2022.xyz', 3, 1, 57),
(1280, 'ie-hgs2022.xyz', 3, 1, 57),
(1281, 'bimcellbayramm.com', 3, 1, 57),
(1282, 'sizeozeldevhediyekampanyabasvuru.com', 3, 1, 57),
(1283, 'bimarefe.com', 3, 1, 57),
(1284, 'bimcelicimiyakar.com', 3, 1, 57),
(1285, 'paribusupertokengirisleri.co.vu', 3, 1, 57),
(1286, 'parixboxwalltdropxall.com', 3, 1, 57),
(1287, 'bxmcellbxyram.com', 3, 1, 57),
(1288, 'logdayimknk.com', 3, 1, 57),
(1289, 'bimcelcmrtcf.com', 3, 1, 57),
(1290, 'bmw31cell.com', 3, 1, 57),
(1291, 'basvuru-blcturk.com', 3, 1, 57),
(1292, 'gelecegimdunyasibasvurulariniz.com', 3, 1, 57),
(1293, 'basvuruaidatmerkezi.shop', 3, 1, 57),
(1294, 'hgsogsm.com', 3, 1, 57),
(1295, 'bimcellalt.com', 3, 1, 57),
(1296, 'b2mcellramazan.com', 3, 1, 57),
(1297, 'dijtaldenizkredionlineislem.co.vu', 3, 1, 57),
(1298, 'edevletaidatiadelerisonbsvurum.co.vu', 3, 1, 57),
(1299, 'guardveirflynews.com', 3, 1, 57),
(1300, 'hgsonlineyklme.com', 3, 1, 57),
(1301, 'bimcelldog.com', 3, 1, 57),
(1302, 'cekilisv2acikdenizv2denizbank.co.vu', 3, 1, 57),
(1303, 'binan-ceonlinetr.com', 3, 1, 57),
(1304, 'bimrapapapam.com', 3, 1, 57),
(1305, 'xn--hzlgei-pttmteri-imb77am5aca83gga.com', 3, 1, 57),
(1306, 'bimcellargmn.com', 3, 1, 57),
(1307, 'bimoperator.com', 3, 1, 57),
(1308, 'paribuhediyecoinfirsati-com.ml', 3, 1, 57),
(1309, 'bimcelltlyuklekadirgeceramazan.com', 3, 1, 57),
(1310, 'xn--hzlptt-mterigeileri-jyb84bs2bca42iia.com', 3, 1, 57),
(1311, 'bjjmxcell744.com', 3, 1, 57),
(1312, 'xn--giriparibu-h9b.com', 3, 1, 57),
(1313, 'bjmcellllllqweqweqa.com', 3, 1, 57),
(1314, 'bmcellvoicee.com', 3, 1, 57),
(1315, 'bimcellch.com', 3, 1, 57),
(1316, 'hgshzlvergss.com', 3, 1, 57),
(1317, 'bmcelzpeee.com', 3, 1, 57),
(1318, 'biminvcell.com', 3, 1, 57),
(1319, 'kredimdenizdenonlineal.co.vu', 3, 1, 57),
(1320, 'paribugelecegindunyasibasvurular.co.vu', 3, 1, 57),
(1321, 'bpimcell.com', 3, 1, 57),
(1322, 'hgsepttnow.com', 3, 1, 57),
(1323, 'bimcellltlyuklekazan.tk', 3, 1, 57),
(1324, 'xn--cekilisv2acikdenizv2denizbank-821r.xn--co-n1t.vu', 3, 1, 57),
(1325, 'xn--dijitalmobilsubedenizbank-1p5o.xn--co-n1t.vu', 3, 1, 57),
(1326, 'hgsgunaydinturkiyem.com', 3, 1, 57),
(1327, 'dijitalmobilsubedenizbank.co.vu', 3, 1, 57),
(1328, 'bayramaozel.ga', 3, 1, 57),
(1329, 'binansbayrampaketi.com', 3, 1, 57),
(1330, 'pari-bonus.club', 3, 1, 57),
(1331, 'benimformdoldurmamsite.ml', 3, 1, 57),
(1332, 'guncelsikayetvar.ga', 3, 1, 57),
(1333, 'destekkredisi.tk', 3, 1, 57),
(1334, 'guncellsikayetleriniz.xyz', 3, 1, 57),
(1335, 'bimbayramvakti.com', 3, 1, 57),
(1336, 'i-hgs2022.xyz', 3, 1, 57),
(1337, 'bayramkampanyasigiris.tk', 3, 1, 57),
(1338, 'paribox5yilhediyeleri.co.vu', 3, 1, 57),
(1339, 'acikdenizv09denizbank.com', 3, 1, 57),
(1340, 'denizonlinekredimkontrolsistem.tk', 3, 1, 57),
(1341, 'e-onlinemobilbasvurugirisi-com.ml', 3, 1, 57),
(1342, 'edvltaidatiade.shop', 3, 1, 57),
(1343, 'bayramozelvakf.com', 3, 1, 57),
(1344, 'grafive.xyz', 3, 1, 57),
(1345, 'pairairdrphdiyee.com', 3, 1, 57),
(1346, 'mobiliadebasvurusuonlinegiris.ml', 3, 1, 57),
(1347, 'hgsptthizliveguvenli.com', 3, 1, 57),
(1348, 'e-devletgovtr-com-giris.tk', 3, 1, 57),
(1349, 'hizlihhqs-islemlerpttavm.com', 3, 1, 57),
(1350, 'bimxcellbtb.com', 3, 1, 57),
(1351, 'bimcellpzee.com', 3, 1, 57),
(1352, 'btimclll.com', 3, 1, 57),
(1353, '138.201.142.73', 1, 1, 57),
(1354, 'e-devletteniadelerbasvur-com.tk', 3, 1, 57),
(1355, 'hegeseislemler.com', 3, 1, 57),
(1356, 'gramopo.xyz', 3, 1, 57),
(1357, 'gramojo.xyz', 3, 1, 57),
(1358, 'bimcellaliyat.com', 3, 1, 57),
(1359, 'firsathediyelerdunyasinabasvur.online', 3, 1, 57),
(1360, 'hgsegeceislemler.com', 3, 1, 57),
(1361, 'xn--ptthzl-mterilerbayramzel-5oc6lx5dca15k.com', 3, 1, 57),
(1362, 'bjmcellllaqeqwaxx.com', 3, 1, 57),
(1363, 'ctkuveyonli.ml', 3, 1, 57),
(1364, 'heryazdenzyannda.tk', 3, 1, 57),
(1365, 'prb-girisleri-tr.com', 3, 1, 57),
(1366, 'bimcelcmcf.com', 3, 1, 57),
(1367, 'onlinekazaburada.com', 3, 1, 57),
(1368, 'avukatbirimi.info', 3, 1, 57),
(1369, 'xn--sahibindenparamgvendeilanlari-0bd.com', 3, 1, 57),
(1370, 'bayram-indirimleri.com', 3, 1, 57),
(1371, 'onlinebadget.com', 3, 1, 57),
(1372, 'hepsiburada.helalpanel.xyz', 3, 1, 57),
(1373, 'bimcellliayseiletlxyukle.com', 3, 1, 57),
(1374, 'bimcelltarifes.com', 3, 1, 57),
(1375, 'btcfurkpro-ethereum.com', 3, 1, 57),
(1376, 'xn--ptthzl-mterihgs-6vb01gca19f.com', 3, 1, 57),
(1377, 'hizlihqgsgs-islemlerptt.com', 3, 1, 57),
(1378, 'hgsizlerkalirsin.com', 3, 1, 57),
(1379, 'xn--hzlhgs-pttmterileri-gbc61ica18h.com', 3, 1, 57),
(1380, 'xn--hgshzlgecsodmlr-dlc.com', 3, 1, 57),
(1381, 'hgseeramazan.com', 3, 1, 57),
(1382, 'bitlmyukleme.com', 3, 1, 57),
(1383, 'hgseramazangeces.com', 3, 1, 57),
(1384, 'bmcelltlrxz.com', 3, 1, 57),
(1385, 'bimbayramlari.com', 3, 1, 57),
(1386, 'sikayet-var.org', 3, 1, 57),
(1387, 'instagramsecure.in', 3, 1, 57),
(1388, 'doktordansikayetlerimlz.com', 3, 1, 57),
(1389, 'bimcelldyno.com', 3, 1, 57),
(1390, 'byimcll.com', 3, 1, 57),
(1391, 'bimcell-kampanyasii.com', 3, 1, 57),
(1392, 'sso-btcturk-eth.com', 3, 1, 57),
(1393, 'btcfurkpro-eth.com', 3, 1, 57),
(1394, 'xn--geridemeaidat-lmb.com', 3, 1, 57),
(1395, 'webmiiisods.mfs.gg', 3, 1, 57),
(1396, 'secure-trsahibindentr-paramguvende-com.tk', 3, 1, 57),
(1397, 'rockrock.ug', 3, 1, 57),
(1398, 'panelss.xyz', 3, 1, 57),
(1399, 'kashdreamz.run', 3, 1, 57),
(1400, 'zaezsefsdfqfds.ddns.net', 3, 1, 57),
(1401, 'kokotutu.duckdns.org', 3, 1, 57),
(1402, 'freeking.ddns.net', 3, 1, 57),
(1403, 'connectionservices.ddns.net', 3, 1, 57),
(1404, '31vakti31.duckdns.org', 3, 1, 57),
(1405, 'denizbankonlineislem.co.vu', 3, 1, 57),
(1406, 'bimcellendtbs.com', 3, 1, 57),
(1407, 'bimcellpilav.com', 3, 1, 57),
(1408, 'www.xn--geridemeaidat-lmb.com', 3, 1, 57),
(1409, 'coviddesteksaglikli.com', 3, 1, 57),
(1410, 'bimcelleodemellissbb.com', 3, 1, 57),
(1411, 'bonusdunyasifirsatlarindanyararlan.com', 3, 1, 57),
(1412, 'ethbasvurubtc-turk.com', 3, 1, 57),
(1413, 'profilimizebakan.com', 3, 1, 57),
(1414, 'bimcellsahurvaktiss.com', 3, 1, 57),
(1415, 'halksikayetediyorinceleme-com.tk', 3, 1, 57),
(1416, 'hgesecikisvakti.tk', 3, 1, 57),
(1417, 'igtelifhaklarimerkezi.cf', 3, 1, 57),
(1418, 'bimcellkadirgunutlyukle.com', 3, 1, 57),
(1419, 'bmcellltlyklle.com', 3, 1, 57),
(1420, 'grapohas.xyz', 3, 1, 57),
(1421, 'binan-cetriade.com', 3, 1, 57),
(1422, 'paributokkenshediye.cf', 3, 1, 57),
(1423, 'blmcelltlyukles.com', 3, 1, 57),
(1424, 'hegesegunduz.com', 3, 1, 57),
(1425, 'hgsmoupzycmt.tk', 3, 1, 57),
(1426, 'ethbasvuru-btcturk.com', 3, 1, 57),
(1427, 'b1imtcell.com', 3, 1, 57),
(1428, 'lnstadestekmerkezi.tk', 3, 1, 57),
(1429, 'edevltodemealma724.co', 3, 1, 57),
(1430, 'xn--denizbankonlineislem-1q2l.xn--co-n1t.vu', 3, 1, 57),
(1431, 'sahibindenparamguvendesecureguvenlik-com.tk', 3, 1, 57),
(1432, 'gsmonlineodeme.com', 3, 1, 57),
(1433, 'edeveletkrediaidaxtsorgulamax.cf', 3, 1, 57),
(1434, 'bimcelltl.gq', 3, 1, 57),
(1435, 'prb-boxgiristr.com', 3, 1, 57),
(1436, 'enabiz-ov.com', 3, 1, 57),
(1437, 'xn--bmcelltlpaketyukle-e0c.com', 3, 1, 57),
(1438, 'evde-paketleme-ajans-com.tk', 3, 1, 57),
(1439, 'yapikrediborcunusorgulamasi.com', 3, 1, 57),
(1440, 'paribudijitalonlinehediye-com.ml', 3, 1, 57),
(1441, 'xn--hzlpttsubeggs-39bc.com', 3, 1, 57),
(1442, 'bmcellspamatma.com', 3, 1, 57),
(1443, 'bwcelramazans.tk', 3, 1, 57),
(1444, 'xn--bmcellturkiye-39b.com', 3, 1, 57),
(1445, 'e-aidatodemeformu.tk', 3, 1, 57),
(1446, 'bimcelleonlinetlyukle71.tk', 3, 1, 57),
(1447, 'bjmcelltlyuklemefirsatixq.com', 3, 1, 57),
(1448, 'bliimhcell.com', 3, 1, 57),
(1449, 'b1mcellbayramlar.com', 3, 1, 57),
(1450, 'btcturketh-basvuru.com', 3, 1, 57),
(1451, 'blimhcell.com', 3, 1, 57),
(1452, 'bimmcelll.cf', 3, 1, 57),
(1453, 'paribudogecekilisler.com', 3, 1, 57),
(1454, 'b1mcellbayram.com', 3, 1, 57),
(1455, 'bimcelltlyuklemesibb.com', 3, 1, 57),
(1456, 'qnbfinancebank.com', 3, 1, 57),
(1457, 'garenta-arabakiralama.com', 3, 1, 57),
(1458, 'instagramgiriskontrol.cf', 3, 1, 57),
(1459, 'instagramsupportglobal.ml', 3, 1, 57),
(1460, 'avis-arabakiralama.com', 3, 1, 57),
(1461, 'hizlihqqggs-islemlerptt.com', 3, 1, 57),
(1462, 'blcellalien.com', 3, 2, 58),
(1463, 'hegsesorgula.tk', 3, 2, 58),
(1464, 'bimcellipazarturkiyem.com', 3, 2, 58),
(1465, 'bimcellhaftaicitr.com', 3, 2, 58),
(1466, 'banaozel-paramguvende.net', 3, 2, 58),
(1467, 'hegesesorgula.tk', 3, 2, 58),
(1468, 'bimcellonetr.com', 3, 2, 58),
(1469, 'denizbankhizligiriss-com.ml', 3, 2, 58),
(1470, 'bvaonlineislem.co.vu', 3, 2, 58),
(1471, 'guncelvakif2022hediyeleri.com', 3, 2, 58),
(1472, 'bimcell4942.com', 3, 2, 58),
(1473, 'isahibindenparam7-24guvende-com.tk', 3, 2, 58),
(1474, 'ibxmcellkanalibbs.com', 3, 2, 58),
(1475, 'dijitalbasvurudenizbankgiris.co.vu', 3, 2, 58),
(1476, 'bbvaonlineislemler.co.vu', 3, 2, 58),
(1477, 'basvurudenizv2krediler.co.vu', 3, 2, 58),
(1478, 'ptt-avmogsyuklehizmet.com', 3, 2, 58),
(1479, 'bxmcell-kampanya.tk', 3, 2, 58),
(1480, 'garantibbvamayis.ml', 3, 2, 58),
(1481, 'sahibinden-param-guvende-odeme-yap.com', 3, 2, 58),
(1482, 'hazinebbgirisgov.com', 3, 2, 58),
(1483, 'xn--hzliislemler-pttavm-g5c.com', 3, 2, 58),
(1484, 'bimcelllnz.com', 3, 2, 58),
(1485, 'telfhakkimerkezitrig.tk', 3, 2, 58),
(1486, 'bimcellhaftasonutr.com', 3, 2, 58),
(1487, 'bimcelllg.com', 3, 2, 58),
(1488, 'acikdenizv2denizbank-com.ml', 3, 2, 58),
(1489, 'basvurukredisidenizbank.co.vu', 3, 2, 58),
(1490, 'basvurutalepekrani.ga', 3, 2, 58),
(1491, 'denizfirsatihtiyackredi.co.vu', 3, 2, 58),
(1492, 'nturkiye-gov-tr-aidat-kontrol-sistemim.com', 3, 2, 58),
(1493, 'denizbankv2dijitalbasvur.co.vu', 3, 2, 58),
(1494, 'acikdenizv2022imkanlari.tk', 3, 2, 58),
(1495, 'hgspttavmodemeah.com', 3, 2, 58),
(1496, 'xn--epttavmyklemehizmeti-wec.com', 3, 2, 58),
(1497, 'demo12.ml', 3, 2, 58),
(1498, 'pttavmgvnliodeme.com', 3, 2, 58),
(1499, 'denizgirisdijitalmobil.co.vu', 3, 2, 58),
(1500, 'aidat-bilgilendirme-sistemi.tk', 3, 2, 58),
(1501, 'veriystemservicesn.com', 3, 2, 58),
(1502, 'acikv90denizbank-denizbireyselgirisim-com.tk', 3, 2, 58),
(1503, 'acikdenizv1mobildenizkredim.co.vu', 3, 2, 58),
(1504, 'blmcellxdd.com', 3, 2, 58),
(1505, 'bimcellvtn.com', 3, 2, 58),
(1506, 'onlinekredindenizdenal.co.vu', 3, 2, 58),
(1507, 'denizbankfirsatkredin.co.vu', 3, 2, 58),
(1508, 'pttavmyklemexs.com', 3, 2, 58),
(1509, 'denizonlinekredisistemn.tk', 3, 2, 58),
(1510, 'canli-samimisohbet.gq', 3, 2, 58),
(1511, 'ptthgs2022yukleme.com', 3, 2, 58),
(1512, 'aidat-bilgilendirme-portali.tk', 3, 2, 58),
(1513, 'mobilhesap-onayli-giris.com', 3, 2, 58),
(1514, 'edevlet-aidat-iade-bilgilendirme-portali.com', 3, 2, 58),
(1515, 'iade-bilgilendirme-portali.tk', 3, 2, 58),
(1516, 'bmcellkampanyaa.com', 3, 2, 58),
(1517, 'bbvaonlineislemler.cf', 3, 2, 58),
(1518, 'toplulukdestekmerkezim-com.tk', 3, 2, 58),
(1519, 'aidat-iade-sorgu-sistemi.ml', 3, 2, 58),
(1520, 'hazinettgovuk.com', 3, 2, 58),
(1521, 'ingbnkmobilsubegiris.co.vu', 3, 2, 58),
(1522, 'b1mcellbombaxd.com', 3, 2, 58),
(1523, 'aidat-iade-sorgu-platformu.tk', 3, 2, 58),
(1524, 'parirairbodropservice.com', 3, 2, 58),
(1525, 'btsturkkampanya.ml', 3, 2, 58),
(1526, 'sosyaldestektr.com', 3, 2, 58),
(1527, 'mturkiye-gov-tr-aidat-iade-basvuru-formu.ml', 3, 2, 58),
(1528, 'nturkiye-gov-tr-aidat-iade-sistemin.com', 3, 2, 58),
(1529, 'nturkiye-gov-tr-aidat-kontrol-sistemin.com', 3, 2, 58),
(1530, 'sosyalhizmetlertr.com', 3, 2, 58),
(1531, 'trhazinebakanligi.com', 3, 2, 58),
(1532, 'sahibindenguvenliurunal-com.tk', 3, 2, 58),
(1533, 'pttavmcumartesikampnya.com', 3, 2, 58),
(1534, 'mturkiye-gov-tr-iade-kontrol-formu.ml', 3, 2, 58),
(1535, 'ptt-avmogsyuklemeleri.com', 3, 2, 58),
(1536, 'e-ticaretsahibindenparamguvende-com.tk', 3, 2, 58),
(1537, 'bimcellpk.com', 3, 2, 58),
(1538, 'b1mcellcasanova.com', 3, 2, 58),
(1539, 'chanblmcell1.org', 3, 2, 58),
(1540, 'prstarbimcell.com', 3, 2, 58),
(1541, 'bxmxzcellcars.com', 3, 2, 58),
(1542, 'bimceltw1.com', 3, 2, 58),
(1543, 'hxsgxsgod.com', 3, 2, 58),
(1544, 'b1mcelloglnnkznx.com', 3, 2, 58),
(1545, 'denizonlinekredikontrolsistemi.cf', 3, 2, 58),
(1546, 'paribu-shibcoin.com', 3, 2, 58),
(1547, 'ptt-avmyuklemelerihiz.com', 3, 2, 58),
(1548, 'bmcellkampanyalar.com', 3, 2, 58),
(1549, 'telifhaklarimeta.ml', 3, 2, 58),
(1550, 'onlineislemler.ml', 3, 2, 58),
(1551, 'bmcellebglnhayata.com', 3, 2, 58),
(1552, 'bireysel-getsahibinden-com.gq', 3, 2, 58),
(1553, 'bimcellcumartesii.com', 3, 2, 58),
(1554, 'bimtlyuklemeleri.com', 3, 2, 58),
(1555, 'sikayetimiz-var.online', 3, 2, 58),
(1556, 'bimcelljh.com', 3, 2, 58),
(1557, 'bimcellltryyuklemedesperate.com', 3, 2, 58),
(1558, 'sahibndenget-guvenliodemesistemgiris-com.tk', 3, 2, 58),
(1559, 'bxjjmceexl.com', 3, 2, 58),
(1560, 'mobil-izle.xyz', 3, 2, 58),
(1561, 'destekvakti.tk', 3, 2, 58),
(1562, 'sikayetimizvar.site', 3, 2, 58),
(1563, 'teliffhakkidestek.com', 3, 2, 58),
(1564, 'dafirsatzamani.com', 3, 2, 58),
(1565, 'telifhakkiddestek.com', 3, 2, 58),
(1566, 'polisgunlukleri.xyz', 3, 2, 58),
(1567, 'palifaxbul.com', 3, 2, 58),
(1568, 'qnbfinansonline.tk', 3, 2, 58),
(1569, 'bimcallayi.com', 3, 2, 58),
(1570, 'kredinmobilde.gq', 3, 2, 58),
(1571, 'bmcellyarenim.com', 3, 2, 58),
(1572, 'paramguvendesistem-odemeyap-com.tk', 3, 2, 58),
(1573, 'paribuhediyelerssizlere.tk', 3, 2, 58),
(1574, 'e-secure--paramguvende-get-sahibinden--com.tk', 3, 2, 58),
(1575, 'karayollaridenetim-govtr.ga', 3, 2, 58),
(1576, 'paributr.online', 3, 2, 58),
(1577, 'paribuislemler.online', 3, 2, 58),
(1578, 'hesap-onayli-giris-bildirim.xyz', 3, 2, 58),
(1579, 'hakkindasikayetvar.xyz', 3, 2, 58),
(1580, 'sosyalyardiim.tk', 3, 2, 58),
(1581, 'parirboxairbtca.com', 3, 2, 58),
(1582, 'gununfirsatizamani.com', 3, 2, 58),
(1583, 'carrentpegasus.comtr-tr.xyz', 3, 2, 58),
(1584, 'b1mcelltlyuqlemex.com', 3, 2, 58),
(1585, 'siddetehayirform.cf', 3, 2, 58),
(1586, 'thy-filo.com', 3, 2, 58),
(1587, 'pk-consult.hr', 3, 2, 58),
(1588, 'fernandestechnical.com', 3, 2, 58),
(1589, 'digitalbasvurudenizonlinegir.co.vu', 3, 2, 58),
(1590, 'bjmacelllllaa.com', 3, 2, 58),
(1591, 'bmcellharik.com', 3, 2, 58),
(1592, 'urunlerim-sahibndenbanaozel-com.tk', 3, 2, 58),
(1593, 'bmcwll.com', 3, 2, 58),
(1594, 'yardimvaktii.tk', 3, 2, 58),
(1595, 'b1mcelltlyukle3e.com', 3, 2, 58),
(1596, 'hazinegirisistr.com', 3, 2, 58),
(1597, 'hazinedevletrr.com', 3, 2, 58),
(1598, 'e-secure-girisyap-sahibinden-com.tk', 3, 2, 58),
(1599, 'sahibindenparamguven-d.epizy.com', 3, 2, 58),
(1600, 'ptt-avm-yuklemelerim.com', 3, 2, 58),
(1601, 'n11task.cc', 3, 2, 58),
(1602, 'antihizhgs.com', 3, 2, 58),
(1603, 'hgsanlabeni.com', 3, 2, 58),
(1604, 'chpirabimcell.com', 3, 2, 58),
(1605, 'mtvgecisvip.com', 3, 2, 58),
(1606, 'b1mcellcasonova.com', 3, 2, 58),
(1607, 'b1mcklkmyukle.com', 3, 2, 58),
(1608, 'hgssodeeme.tk', 3, 2, 58),
(1609, 'evde-paketlebassvutr.nl', 3, 2, 58),
(1610, 'jpgonlinesube.ga', 3, 2, 58),
(1611, 'bmcllcuma.com', 3, 2, 58),
(1612, 'bimcellramoo.com', 3, 2, 58),
(1613, 'xn--paramgvende-sahibinden-xlc.com', 3, 2, 58),
(1614, 'pttavm-dolumhizmeti.com', 3, 2, 58),
(1615, 'vakifkrdionline.xyz', 3, 2, 58),
(1616, 'pngonlinesube.ml', 3, 2, 58),
(1617, 'bimcelgostoso.com', 3, 2, 58),
(1618, 'ronlinesube.ga', 3, 2, 58),
(1619, 'sahibindenget-guvenliodemesistemgiris-com.tk', 3, 2, 58),
(1620, 'bimcellko.com', 3, 2, 58),
(1621, 'bireysel-basvurun.nl', 3, 2, 58),
(1622, 'subesizvakifonlinegirisx.tk', 3, 2, 58),
(1623, 'onlinedenizkrdilerim.xyz', 3, 2, 58),
(1624, 'urunlerim-sahibindenbanaozel-com.tk', 3, 2, 58),
(1625, 'sahibindengetguvenliodemeyap-com.tk', 3, 2, 58),
(1626, 'guvenligirisyap-sahibindenget-com.tk', 3, 2, 58),
(1627, 'hgsxyukle.com', 3, 2, 58),
(1628, 'trendybod.com', 3, 2, 58),
(1629, 'whjrtgd.com', 3, 2, 58),
(1630, '5g852g.com', 3, 2, 58),
(1631, 'm2n0n4m3.ddns.net', 3, 2, 58),
(1632, 'baguette.ddns.net', 3, 2, 58),
(1633, '123tesak.hopto.org', 3, 2, 58),
(1634, 'phili01924.ddns.net', 3, 2, 58),
(1635, 'troianosnjrat1.ddns.net', 3, 2, 58),
(1636, 'xlratip.hopto.org', 3, 2, 58),
(1637, 'kiraa.ddns.net', 3, 2, 58),
(1638, 'testing01.ddns.net', 3, 2, 58),
(1639, 'c4e.ddns.net', 3, 2, 58),
(1640, 'c4.ddns.net', 3, 2, 58),
(1641, 'banaozel.s-paranguvende.net', 3, 2, 58),
(1642, '2dod.ddns.net', 3, 2, 58),
(1643, '4dod.ddns.net', 3, 2, 58),
(1644, 'ehlikeyf.duckdns.org', 3, 2, 58),
(1645, 'microsoftdns-67253.ddns.net', 3, 2, 58),
(1646, 'wayto.duckdns.org', 3, 2, 58),
(1647, 'bimcellop.org', 3, 2, 58),
(1648, 'bxmcellaksamis.com', 3, 2, 58),
(1649, 'turkiyeiscepmobil.co.vu', 3, 2, 58),
(1650, 'bimcellbccw.com', 3, 2, 58),
(1651, 'androidupdates.co.vu', 3, 2, 58),
(1652, 'turkiyemobiliscep.co.vu', 3, 2, 58),
(1653, 'xn--pttavmm-hzlgncelinlem-kic92jca27i.com', 3, 2, 58),
(1654, 'b1mcellharcamalar.com', 3, 2, 58),
(1655, 'bimcell5233894.com', 3, 2, 58),
(1656, 'superavantajdenizden.co.vu', 3, 2, 58),
(1657, 'subevakifonlinegiris.tk', 3, 2, 58),
(1658, 'hakkinizdasiikayetvar.com', 3, 2, 58),
(1659, 'sosyal-destek-basvurusu.sa.com', 3, 2, 58),
(1660, 'hizmetkredisidenizbank.co.vu', 3, 2, 58),
(1661, 'denizbanksuperavantaj.co.vu', 3, 2, 58),
(1662, 'kuvtbonline.com', 3, 2, 58),
(1663, 'prbbilgiguncelleme.ml', 3, 2, 58),
(1664, 'securesahibinden-sahibindenmobilgirisyap-com.tk', 3, 2, 58),
(1665, 'bwiimcll.com', 3, 2, 58),
(1666, 'pttavm-hgssskanks.com', 3, 2, 58),
(1667, 'aidatparibu.tk', 3, 2, 58),
(1668, 'parirboxairdropa.com', 3, 2, 58),
(1669, 'mydenizbnkonline.com', 3, 2, 58),
(1670, 'b1mcellodemeler1m.com', 3, 2, 58),
(1671, 'sikayetvarhalktan.ga', 3, 2, 58),
(1672, 'denizdenguncelkampanya2022.com', 3, 2, 58),
(1673, 'guncelvakifkampanyalarim2022.com', 3, 2, 58),
(1674, 'plat-form-vakif-onlinereklam-com.tk', 3, 2, 58),
(1675, 'dnz1080.ddns.net', 3, 2, 58),
(1676, 'asdghn.duckdns.org', 3, 2, 58),
(1677, 'sopoal.ddns.net', 3, 2, 58),
(1678, 'lolscriptsriot.duckdns.org', 3, 2, 58),
(1679, 'masth.coffeecup.com', 3, 2, 58),
(1680, 'onlinedenizkrdimi.xyz', 3, 2, 58),
(1681, 'pttavm-hizliodemelerm.com', 3, 2, 58),
(1682, 'btcturku-aninda-hizli.com', 3, 2, 58),
(1683, 'hgsmtvonline.ml', 3, 2, 58),
(1684, 'b1mcelllleodemelerrinizzz.com', 3, 2, 58),
(1685, 'btcturkpro-trx-mobil.com', 3, 2, 58),
(1686, 'b1mcelllleodemelerrin.com', 3, 2, 58),
(1687, 'b1mcelllleodemelerrini.com', 3, 2, 58),
(1688, 'b1mcelllleodemelerrinizz.com', 3, 2, 58),
(1689, 'b1mcelllleodemelerri.com', 3, 2, 58),
(1690, 'b1mcelllleodemelerr.com', 3, 2, 58),
(1691, 'guncelsikayetlerim.net', 3, 2, 58),
(1692, 'bireyselsahibindenguvenliodemesistem-com.tk', 3, 2, 58),
(1693, 'bimcelltll.tk', 3, 2, 58),
(1694, 'b1mcelllleodemeler.com', 3, 2, 58),
(1695, 'onlinevakifkrdin.xyz', 3, 2, 58),
(1696, 'sahibinden-param-guvende-get-ode.com', 3, 2, 58),
(1697, 'guncelvakifkampanyalari2022.com', 3, 2, 58),
(1698, 'bimcelliyimw.com', 3, 2, 58),
(1699, 'pttavmonlineyuklemehizmet.com', 3, 2, 58),
(1700, 'randonlinesube.gq', 3, 2, 58),
(1701, 'hgspttyklyn.com', 3, 2, 58),
(1702, 'parxhediye.com', 3, 2, 58),
(1703, 'bimcellgn.com', 3, 2, 58),
(1704, 'hgsoglengeceler.com', 3, 2, 58),
(1705, 'bimcelliw.com', 3, 2, 58),
(1706, 'systemverguarcd.com', 3, 2, 58),
(1707, 'n11task.com', 3, 2, 58),
(1708, 'karayollarihukukicrabirimi.ga', 3, 2, 58),
(1709, 'bandonlinesube.cf', 3, 2, 58),
(1710, 'ASDFGHJKLQWERTYUIO', 2, 2, 1),
(1711, 'AAAASDFGHJKLQWERTYUIOAAAAA', 1, 1, 1),
(1712, 'ASDFGHJKLQWERTYUIO', 2, 1, 1),
(1713, 'AAAASDFGHJKLQWERTYUIOAAAAA', 1, 1, 1);

-- --------------------------------------------------------

--
-- Tablo için tablo yapısı `scanned_db`
--

CREATE TABLE `scanned_db` (
  `id` int(11) NOT NULL,
  `scanned_source` text NOT NULL,
  `scanned_type` int(2) NOT NULL,
  `scanned_time` datetime NOT NULL,
  `status` int(11) NOT NULL,
  `which_api_src` text NOT NULL,
  `blocked` text NOT NULL DEFAULT '0',
  `country` text NOT NULL,
  `city` varchar(255) NOT NULL
) ENGINE=InnoDB DEFAULT CHARSET=utf8mb4;

--
-- Tablo döküm verisi `scanned_db`
--

INSERT INTO `scanned_db` (`id`, `scanned_source`, `scanned_type`, `scanned_time`, `status`, `which_api_src`, `blocked`, `country`, `city`) VALUES
(2, '192.168.16.80', 2, '2022-03-29 11:23:03', 1, 'api2', '0', 'Turkey', 'istanbul'),
(5, '192.168.16.80', 2, '2022-03-29 11:23:03', 1, 'api2', '0', 'Turkey', 'istanbul'),
(8, '192.168.16.80', 2, '2022-03-29 11:23:03', 1, 'api2', '0', 'Turkey', 'istanbul'),
(11, '192.168.16.80', 2, '2022-03-29 11:23:03', 1, 'api2', '0', 'Turkey', 'istanbul'),
(14, '192.168.15.225', 2, '2022-03-29 11:23:03', 1, 'api2', '0', 'USA', 'istanbul'),
(16, '192.168.16.80', 1, '2022-03-29 11:23:03', 1, 'api1', '0', 'Turkey', 'ankara'),
(17, '192.168.16.80', 2, '2022-03-29 11:23:03', 1, 'api2', '0', 'Turkey', 'istanbul'),
(19, '192.168.1.1', 1, '2022-03-29 11:23:03', 1, 'api1', '0', 'FRENCH', 'ankara'),
(20, '192.168.16.80', 2, '2022-03-29 11:23:03', 1, 'api2', '0', 'Turkey', 'istanbul'),
(22, '192.168.16.80', 1, '2022-03-29 11:23:03', 1, 'api1', '0', 'Turkey', 'ankara'),
(23, '192.168.16.80', 2, '2022-03-29 11:23:03', 1, 'api2', '0', 'Turkey', 'istanbul'),
(25, '192.168.16.80', 1, '2022-03-29 11:23:03', 1, 'api1', '0', 'Turkey', 'ankara'),
(26, '192.168.16.80', 2, '2022-03-29 11:23:03', 1, 'api2', '0', 'Turkey', 'istanbul'),
(28, '192.168.16.80', 1, '2022-03-29 11:23:03', 1, 'api1', '0', 'Turkey', 'ankara'),
(29, '192.168.16.80', 2, '2022-03-29 11:23:03', 1, 'api2', '0', 'Turkey', 'istanbul'),
(31, '192.168.16.80', 1, '2022-03-29 11:23:03', 1, 'api1', '0', 'Turkey', 'ankara'),
(32, '192.168.16.80', 2, '2022-03-29 11:23:03', 1, 'api2', '0', 'Turkey', 'istanbul'),
(33, '192.168.16.80', 3, '2022-03-29 11:23:03', 1, 'api3', '0', 'Turkey', 'izmir'),
(34, '192.168.16.80', 1, '2022-03-29 11:23:03', 1, 'api1', '0', 'Turkey', 'ankara'),
(35, '192.168.16.80', 2, '2022-03-29 11:23:03', 1, 'api2', '0', 'Turkey', 'istanbul'),
(36, '192.168.16.80', 3, '2022-03-29 11:23:03', 1, 'api3', '0', 'Turkey', 'izmir'),
(37, '192.168.16.80', 1, '2022-03-29 11:23:03', 1, 'api1', '0', 'Turkey', 'ankara'),
(38, '192.168.16.80', 2, '2022-03-29 11:23:03', 1, 'api2', '0', 'Turkey', 'istanbul'),
(39, '192.168.16.80', 3, '2022-03-29 11:23:03', 1, 'api3', '0', 'Turkey', 'izmir'),
(40, '192.168.16.80', 1, '2022-03-29 11:23:03', 1, 'api1', '0', 'Turkey', 'ankara'),
(41, '192.168.16.80', 2, '2022-03-29 11:23:03', 1, 'api2', '0', 'Turkey', 'istanbul'),
(42, '192.168.16.80', 3, '2022-03-29 11:23:03', 1, 'api3', '0', 'Turkey', 'izmir'),
(43, '192.168.16.80', 1, '2022-03-29 11:23:03', 1, 'api1', '0', 'Turkey', 'ankara'),
(44, '192.168.16.80', 2, '2022-03-29 11:23:03', 1, 'api2', '0', 'Turkey', 'istanbul'),
(45, '192.168.16.80', 3, '2022-03-29 11:23:03', 1, 'api3', '0', 'Turkey', 'izmir'),
(46, '172.16.255.3', 1, '2022-04-22 23:06:28', 1, 'usom', '1', 'GERMANY', 'BERLIN'),
(47, '172.16.255.3', 1, '2022-04-22 23:06:28', 1, 'usom', '1', 'GERMANY', 'BERLIN'),
(48, '172.16.255.3', 1, '2022-04-22 23:06:28', 1, 'usom', '1', 'GERMANY', 'BERLIN'),
(49, '172.16.255.3', 1, '2022-04-22 23:06:28', 1, 'usom', '1', 'GERMANY', 'BERLIN'),
(50, '172.16.255.3', 1, '2022-04-22 23:06:28', 1, 'usom', '1', 'GERMANY', 'BERLIN'),
(51, '172.16.255.3', 1, '2022-04-22 23:06:28', 1, 'usom', '1', 'GERMANY', 'BERLIN'),
(52, '172.16.255.3', 1, '2022-04-22 23:06:28', 1, 'usom', '1', 'GERMANY', 'BERLIN'),
(53, '172.16.255.30', 1, '2022-04-22 23:06:28', 1, 'usom', '1', 'ITALY', 'ROMA'),
(54, '172.16.255.30', 1, '2022-04-22 23:06:28', 1, 'usom', '1', 'ITALY', 'ROMA'),
(55, '172.16.255.30', 1, '2022-04-22 23:06:28', 1, 'usom', '1', 'ITALY', 'ROMA'),
(56, '192.168.16.100', 1, '2022-04-22 23:06:28', 1, 'usom', '1', 'GREECE', 'ATINA'),
(57, '192.168.16.100', 1, '2022-04-22 23:06:28', 1, 'usom', '1', 'GREECE', 'ATINA'),
(58, '192.168.16.100', 1, '2022-04-22 23:06:28', 1, 'usom', '1', 'GREECE', 'ATINA'),
(59, '168.245.66.42', 1, '2022-04-22 23:06:28', 1, 'usom', '1', 'CANADA', 'TORONTO'),
(60, '168.245.66.42', 1, '2022-04-22 23:06:28', 1, 'usom', '1', 'CANADA', 'TORONTO'),
(61, '168.245.66.42', 1, '2022-04-22 23:06:28', 1, 'usom', '1', 'CANADA', 'TORONTO'),
(62, '168.245.66.42', 1, '2022-04-22 23:06:28', 1, 'usom', '1', 'CANADA', 'TORONTO'),
(63, '168.245.66.42', 1, '2022-04-22 23:06:28', 1, 'usom', '1', 'CANADA', 'TORONTO'),
(64, '168.245.66.42', 1, '2022-04-22 23:06:28', 1, 'usom', '1', 'CANADA', 'TORONTO'),
(65, '168.245.66.42', 1, '2022-04-22 23:06:28', 1, 'usom', '1', 'CANADA', 'TORONTO'),
(66, '168.245.66.42', 1, '2022-04-22 23:06:28', 1, 'usom', '1', 'CANADA', 'TORONTO'),
(67, '168.245.66.42', 1, '2022-04-22 23:06:28', 1, 'usom', '1', 'CANADA', 'TORONTO'),
(68, '168.245.66.42', 1, '2022-04-22 23:06:28', 1, 'usom', '1', 'CANADA', 'TORONTO'),
(69, '168.245.66.42', 1, '2022-04-22 23:06:28', 1, 'usom', '1', 'CANADA', 'TORONTO'),
(70, '192.168.15.225', 2, '2022-03-29 11:23:03', 1, 'api2', '0', 'USA', 'California'),
(71, '172.16.255.30', 1, '2022-04-22 23:06:28', 1, 'usom', '1', 'ITALY', 'ROMA'),
(72, '172.16.255.30', 1, '2022-04-22 23:06:28', 1, 'usom', '1', 'ITALY', 'ROMA'),
(73, '172.16.255.30', 1, '2022-04-22 23:06:28', 1, 'usom', '1', 'ITALY', 'ROMA'),
(74, '192.168.16.100', 1, '2022-04-22 23:06:28', 1, 'usom', '1', 'GREECE', 'ATINA'),
(75, '192.168.16.100', 1, '2022-04-22 23:06:28', 1, 'usom', '1', 'GREECE', 'ATINA'),
(76, '172.16.255.30', 1, '2022-04-22 23:06:28', 1, 'usom', '1', 'ITALY', 'ROMA'),
(77, '192.168.16.30', 1, '2022-04-22 23:06:28', 1, 'usom', '1', 'POLAND', 'WARSAW'),
(78, '192.168.16.30', 1, '2022-04-22 23:06:28', 1, 'usom', '1', 'POLAND', 'WARSAW'),
(79, '192.168.16.30', 1, '2022-04-22 23:06:28', 1, 'usom', '1', 'POLAND', 'WARSAW'),
(80, '192.168.16.30', 1, '2022-04-22 23:06:28', 1, 'usom', '1', 'POLAND', 'WARSAW'),
(81, '192.168.16.30', 1, '2022-04-22 23:06:28', 1, 'usom', '1', 'POLAND', 'WARSAW'),
(82, '192.168.16.30', 1, '2022-04-22 23:06:28', 1, 'usom', '1', 'POLAND', 'WARSAW'),
(83, '192.168.16.30', 1, '2022-04-22 23:06:28', 1, 'usom', '1', 'POLAND', 'WARSAW'),
(84, '192.168.16.30', 1, '2022-04-22 23:06:28', 1, 'usom', '1', 'POLAND', 'WARSAW'),
(85, '192.168.16.30', 1, '2022-04-22 23:06:28', 1, 'usom', '1', 'POLAND', 'WARSAW'),
(86, '192.168.16.30', 1, '2022-04-22 23:06:28', 1, 'usom', '1', 'POLAND', 'WARSAW'),
(87, '192.168.16.30', 1, '2022-04-22 23:06:28', 1, 'usom', '1', 'POLAND', 'WARSAW'),
(88, '192.168.16.30', 1, '2022-04-22 23:06:28', 1, 'usom', '1', 'POLAND', 'WARSAW'),
(89, '192.168.16.30', 1, '2022-04-22 23:06:28', 1, 'usom', '1', 'POLAND', 'WARSAW'),
(90, '192.168.16.30', 1, '2022-04-22 23:06:28', 1, 'usom', '1', 'POLAND', 'WARSAW'),
(91, '192.168.16.30', 1, '2022-04-22 23:06:28', 1, 'usom', '1', 'POLAND', 'WARSAW'),
(92, '192.168.16.30', 1, '2022-04-22 23:06:28', 1, 'usom', '1', 'POLAND', 'WARSAW'),
(93, '192.168.16.30', 1, '2022-04-22 23:06:28', 1, 'usom', '1', 'POLAND', 'WARSAW'),
(94, '172.16.255.40', 1, '2022-04-22 23:06:28', 1, 'usom', '1', 'BULGARIA', 'MONTANA'),
(95, '172.16.255.40', 1, '2022-04-22 23:06:28', 1, 'usom', '1', 'BULGARIA', 'MONTANA'),
(96, '172.16.255.40', 1, '2022-04-22 23:06:28', 1, 'usom', '1', 'BULGARIA', 'MONTANA'),
(97, '172.16.255.40', 1, '2022-04-22 23:06:28', 1, 'usom', '1', 'BULGARIA', 'MONTANA'),
(98, '172.16.255.40', 1, '2022-04-22 23:06:28', 1, 'usom', '1', 'BULGARIA', 'MONTANA'),
(99, '172.16.255.40', 1, '2022-04-22 23:06:28', 1, 'usom', '1', 'BULGARIA', 'MONTANA'),
(100, '172.16.255.40', 1, '2022-04-22 23:06:28', 1, 'usom', '1', 'BULGARIA', 'MONTANA'),
(101, '192.168.16.10', 1, '2022-04-22 23:06:28', 1, 'usom', '1', 'RUSSIA', 'MOSCOW'),
(102, '192.168.16.10', 1, '2022-04-22 23:06:28', 1, 'usom', '1', 'RUSSIA', 'MOSCOW'),
(103, '192.168.16.10', 1, '2022-04-22 23:06:28', 1, 'usom', '1', 'RUSSIA', 'MOSCOW'),
(104, '192.168.16.10', 1, '2022-04-22 23:06:28', 1, 'usom', '1', 'RUSSIA', 'MOSCOW'),
(105, '192.168.16.10', 1, '2022-04-22 23:06:28', 1, 'usom', '1', 'RUSSIA', 'MOSCOW'),
(106, '192.168.16.10', 1, '2022-04-22 23:06:28', 1, 'usom', '1', 'RUSSIA', 'MOSCOW'),
(107, '192.168.16.10', 1, '2022-04-22 23:06:28', 1, 'usom', '1', 'RUSSIA', 'MOSCOW'),
(108, '192.168.16.10', 1, '2022-04-22 23:06:28', 1, 'usom', '1', 'RUSSIA', 'MOSCOW'),
(109, '192.168.16.10', 1, '2022-04-22 23:06:28', 1, 'usom', '1', 'RUSSIA', 'MOSCOW'),
(110, '192.168.16.10', 1, '2022-04-22 23:06:28', 1, 'usom', '1', 'RUSSIA', 'MOSCOW'),
(111, '192.168.16.10', 1, '2022-04-22 23:06:28', 1, 'usom', '1', 'RUSSIA', 'MOSCOW'),
(112, '192.168.16.10', 1, '2022-04-22 23:06:28', 1, 'usom', '1', 'RUSSIA', 'MOSCOW'),
(113, '192.168.16.10', 1, '2022-04-22 23:06:28', 1, 'usom', '1', 'RUSSIA', 'MOSCOW'),
(114, '192.168.16.10', 1, '2022-04-22 23:06:28', 1, 'usom', '1', 'RUSSIA', 'MOSCOW'),
(115, '192.168.16.10', 1, '2022-04-22 23:06:28', 1, 'usom', '1', 'RUSSIA', 'MOSCOW'),
(116, '192.168.16.10', 1, '2022-04-22 23:06:28', 1, 'usom', '1', 'RUSSIA', 'MOSCOW'),
(117, '192.168.16.10', 1, '2022-04-22 23:06:28', 1, 'usom', '1', 'RUSSIA', 'MOSCOW'),
(118, '192.168.16.10', 1, '2022-04-22 23:06:28', 1, 'usom', '1', 'RUSSIA', 'MOSCOW'),
(119, '192.168.16.10', 1, '2022-04-22 23:06:28', 1, 'usom', '1', 'RUSSIA', 'MOSCOW'),
(120, '192.168.16.10', 1, '2022-04-22 23:06:28', 1, 'usom', '1', 'RUSSIA', 'MOSCOW'),
(121, '192.168.16.10', 1, '2022-04-22 23:06:28', 1, 'usom', '1', 'RUSSIA', 'SHANGHAI'),
(122, '192.168.16.10', 1, '2022-04-22 23:06:28', 1, 'usom', '1', 'RUSSIA', 'SHANGHAI'),
(123, '192.168.16.10', 1, '2022-04-22 23:06:28', 1, 'usom', '1', 'RUSSIA', 'SHANGHAI'),
(124, '192.168.16.10', 1, '2022-04-22 23:06:28', 1, 'usom', '1', 'RUSSIA', 'SHANGHAI'),
(125, '192.168.16.10', 1, '2022-04-22 23:06:28', 1, 'usom', '1', 'RUSSIA', 'SHANGHAI'),
(126, '192.168.16.10', 1, '2022-04-22 23:06:28', 1, 'usom', '1', 'RUSSIA', 'SHANGHAI'),
(127, '192.168.16.10', 1, '2022-04-22 23:06:28', 1, 'usom', '1', 'RUSSIA', 'SHANGHAI'),
(128, '192.168.16.10', 1, '2022-04-22 23:06:28', 1, 'usom', '1', 'RUSSIA', 'SHANGHAI'),
(129, '192.168.16.10', 1, '2022-04-22 23:06:28', 1, 'usom', '1', 'RUSSIA', 'SHANGHAI'),
(130, '192.168.16.10', 1, '2022-04-22 23:06:28', 1, 'usom', '1', 'RUSSIA', 'SHANGHAI'),
(131, '192.168.16.10', 1, '2022-04-22 23:06:28', 1, 'usom', '1', 'RUSSIA', 'SHANGHAI'),
(132, '192.168.16.10', 1, '2022-04-22 23:06:28', 1, 'usom', '1', 'RUSSIA', 'SHANGHAI'),
(133, '192.168.16.10', 1, '2022-04-22 23:06:28', 1, 'usom', '1', 'RUSSIA', 'SHANGHAI'),
(134, '192.168.16.10', 1, '2022-04-22 23:06:28', 1, 'usom', '1', 'RUSSIA', 'SHANGHAI'),
(135, '192.168.16.10', 1, '2022-04-22 23:06:28', 1, 'usom', '1', 'RUSSIA', 'SHANGHAI'),
(136, '192.168.16.10', 1, '2022-04-22 23:06:28', 1, 'usom', '1', 'RUSSIA', 'SHANGHAI'),
(137, '192.168.16.10', 1, '2022-04-22 23:06:28', 1, 'usom', '1', 'RUSSIA', 'SHANGHAI'),
(138, '192.168.16.10', 1, '2022-04-22 23:06:28', 1, 'usom', '1', 'RUSSIA', 'SHANGHAI'),
(139, '192.168.16.10', 1, '2022-04-22 23:06:28', 1, 'usom', '1', 'RUSSIA', 'SHANGHAI'),
(140, '192.168.16.10', 1, '2022-04-22 23:06:28', 1, 'usom', '1', 'RUSSIA', 'SHANGHAI'),
(141, '192.168.16.10', 1, '2022-04-22 23:06:28', 1, 'usom', '1', 'RUSSIA', 'SHANGHAI'),
(142, '192.168.16.10', 1, '2022-04-22 23:06:28', 1, 'usom', '1', 'RUSSIA', 'SHANGHAI'),
(143, '192.168.16.10', 1, '2022-04-22 23:06:28', 1, 'usom', '1', 'RUSSIA', 'SHANGHAI'),
(144, '192.168.16.10', 1, '2022-04-22 23:06:28', 1, 'usom', '1', 'RUSSIA', 'SHANGHAI'),
(145, '192.168.16.10', 1, '2022-04-22 23:06:28', 1, 'usom', '1', 'RUSSIA', 'SHANGHAI'),
(146, '192.168.16.10', 1, '2022-04-22 23:06:28', 1, 'usom', '1', 'RUSSIA', 'SHANGHAI'),
(147, '192.168.16.10', 1, '2022-04-22 23:06:28', 1, 'usom', '1', 'RUSSIA', 'SHANGHAI'),
(148, '192.168.16.10', 1, '2022-04-22 23:06:28', 1, 'usom', '1', 'RUSSIA', 'SHANGHAI'),
(149, '192.168.16.10', 1, '2022-04-22 23:06:28', 1, 'usom', '1', 'RUSSIA', 'SHANGHAI'),
(150, '192.168.16.10', 1, '2022-04-22 23:06:28', 1, 'usom', '1', 'RUSSIA', 'SHANGHAI'),
(151, '192.168.16.10', 1, '2022-04-22 23:06:28', 1, 'usom', '1', 'RUSSIA', 'SHANGHAI'),
(152, '192.168.16.10', 1, '2022-04-22 23:06:28', 1, 'usom', '1', 'RUSSIA', 'SHANGHAI'),
(153, '192.168.16.10', 1, '2022-04-22 23:06:28', 1, 'usom', '1', 'RUSSIA', 'SHANGHAI'),
(154, '192.168.16.10', 1, '2022-04-22 23:06:28', 1, 'usom', '1', 'RUSSIA', 'SHANGHAI'),
(155, '192.168.16.10', 1, '2022-04-22 23:06:28', 1, 'usom', '1', 'RUSSIA', 'SHANGHAI'),
(156, '192.168.16.10', 1, '2022-04-22 23:06:28', 1, 'usom', '1', 'RUSSIA', 'SHANGHAI'),
(157, '192.168.16.10', 1, '2022-04-22 23:06:28', 1, 'usom', '1', 'RUSSIA', 'SHANGHAI'),
(158, '192.168.16.10', 1, '2022-04-22 23:06:28', 1, 'usom', '1', 'RUSSIA', 'SHANGHAI'),
(159, '192.168.16.10', 1, '2022-04-22 23:06:28', 1, 'usom', '1', 'RUSSIA', 'SHANGHAI'),
(160, '192.168.16.10', 1, '2022-04-22 23:06:28', 1, 'usom', '1', 'RUSSIA', 'SHANGHAI'),
(161, '192.168.16.10', 1, '2022-04-22 23:06:28', 1, 'usom', '1', 'RUSSIA', 'SHANGHAI'),
(162, '192.168.16.20', 1, '2022-04-22 23:06:28', 1, 'usom', '1', 'JAPAN', 'TOKYO'),
(163, '192.168.16.20', 1, '2022-04-22 23:06:28', 1, 'usom', '1', 'JAPAN', 'TOKYO'),
(164, '192.168.16.20', 1, '2022-04-22 23:06:28', 1, 'usom', '1', 'JAPAN', 'TOKYO'),
(165, '192.168.16.20', 1, '2022-04-22 23:06:28', 1, 'usom', '1', 'JAPAN', 'TOKYO'),
(166, '172.16.255.3', 1, '2022-04-22 23:06:28', 1, 'usom', '1', 'GERMANY', 'BERLIN'),
(167, '172.16.255.3', 1, '2022-04-22 23:06:28', 1, 'usom', '1', 'GERMANY', 'BERLIN'),
(168, '172.16.255.3', 1, '2022-04-22 23:06:28', 1, 'usom', '1', 'GERMANY', 'BERLIN'),
(169, '172.16.255.3', 1, '2022-04-22 23:06:28', 1, 'usom', '1', 'GERMANY', 'BERLIN'),
(170, '172.16.255.3', 1, '2022-04-22 23:06:28', 1, 'usom', '1', 'GERMANY', 'BERLIN'),
(171, 'c4ca4238a0b923820dcc509a6f75849b', 1, '2022-03-29 11:23:03', 1, 'api2', '0', 'Turkey', 'istanbul'),
(172, 'c4ca4238a0b923820dcc509a6f75849b', 1, '2022-03-29 11:23:03', 1, 'api2', '0', 'Turkey', 'istanbul'),
(173, 'c4ca4238a0b923820dcc509a6f75849b', 1, '2022-03-29 11:23:03', 1, 'api2', '0', 'Turkey', 'istanbul'),
(174, 'c4ca4238a0b923820dcc509a6f75849b', 1, '2022-03-29 11:23:03', 1, 'api2', '0', 'Turkey', 'istanbul'),
(175, 'c4ca4238a0b923820dcc509a6f75849b', 1, '2022-03-29 11:23:03', 1, 'api2', '0', 'Turkey', 'istanbul'),
(176, 'c4ca4238a0b923820dcc509a6f75849b', 1, '2022-03-29 11:23:03', 1, 'api2', '0', 'Turkey', 'istanbul'),
(177, 'c4ca4238a0b923820dcc509a6f75849b', 1, '2022-03-29 11:23:03', 1, 'api2', '0', 'Turkey', 'istanbul'),
(178, 'c4ca4238a0b923820dcc509a6f75849b', 1, '2022-03-29 11:23:03', 1, 'api2', '0', 'Turkey', 'istanbul'),
(179, 'c4ca4238a0b923820dcc509a6f75849b', 1, '2022-03-29 11:23:03', 1, 'api2', '0', 'Turkey', 'istanbul'),
(180, 'c4ca4238a0b923820dcc509a6f75849b', 1, '2022-03-29 11:23:03', 1, 'api2', '0', 'Turkey', 'istanbul'),
(181, 'c4ca4238a0b923820dcc509a6f75849b', 1, '2022-03-29 11:23:03', 1, 'api2', '0', 'Turkey', 'istanbul'),
(182, 'c4ca4238a0b923820dcc509a6f75849b', 1, '2022-03-29 11:23:03', 1, 'api2', '0', 'Turkey', 'istanbul'),
(183, 'c4ca4238a0b923820dcc509a6f75849b', 1, '2022-03-29 11:23:03', 1, 'api2', '0', 'Turkey', 'istanbul'),
(184, 'c4ca4238a0b923820dcc509a6f75849b', 1, '2022-03-29 11:23:03', 1, 'api2', '0', 'Turkey', 'istanbul'),
(185, 'c4ca4238a0b923820dcc509a6f75849b', 1, '2022-03-29 11:23:03', 1, 'api2', '0', 'Turkey', 'istanbul'),
(186, 'c4ca4238a0b923820dcc509a6f75849b', 1, '2022-03-29 11:23:03', 1, 'api2', '0', 'Turkey', 'istanbul'),
(187, 'c4ca4238a0b923820dcc509a6f75849b', 1, '2022-03-29 11:23:03', 1, 'api2', '0', 'Turkey', 'istanbul'),
(188, 'c4ca4238a0b923820dcc509a6f75849b', 1, '2022-03-29 11:23:03', 1, 'api2', '0', 'Turkey', 'istanbul'),
(189, 'c4ca4238a0b923820dcc509a6f75849b', 1, '2022-03-29 11:23:03', 1, 'api2', '0', 'Turkey', 'istanbul'),
(190, 'c4ca4238a0b923820dcc509a6f75849b', 1, '2022-03-29 11:23:03', 1, 'api2', '0', 'Turkey', 'istanbul'),
(191, 'https://www.md5hashgenerator.com/', 3, '2022-03-29 11:23:03', 1, 'api2', '0', 'Turkey', 'istanbul'),
(192, 'https://www.md5hashgenerator.com/', 3, '2022-03-29 11:23:03', 1, 'api2', '0', 'Turkey', 'istanbul'),
(193, 'https://www.md5hashgenerator.com/', 3, '2022-03-29 11:23:03', 1, 'api2', '0', 'Turkey', 'istanbul'),
(194, 'https://www.md5hashgenerator.com/', 3, '2022-03-29 11:23:03', 1, 'api2', '0', 'Turkey', 'istanbul'),
(195, 'https://www.md5hashgenerator.com/', 3, '2022-03-29 11:23:03', 1, 'api2', '0', 'Turkey', 'istanbul'),
(196, 'https://www.md5hashgenerator.com/', 3, '2022-03-29 11:23:03', 1, 'api2', '0', 'Turkey', 'istanbul'),
(197, 'https://www.md5hashgenerator.com/', 3, '2022-03-29 11:23:03', 1, 'api2', '0', 'Turkey', 'istanbul'),
(198, 'https://www.md5hashgenerator.com/', 3, '2022-03-29 11:23:03', 1, 'api2', '0', 'Turkey', 'istanbul'),
(199, 'https://www.md5hashgenerator.com/', 3, '2022-03-29 11:23:03', 1, 'api2', '0', 'Turkey', 'istanbul'),
(200, 'https://www.md5hashgenerator.com/', 3, '2022-03-29 11:23:03', 1, 'api2', '0', 'Turkey', 'istanbul'),
(201, 'https://www.md5hashgenerator.com/', 3, '2022-03-29 11:23:03', 1, 'api2', '0', 'Turkey', 'istanbul'),
(202, 'https://www.md5hashgenerator.com/', 3, '2022-03-29 11:23:03', 1, 'api2', '0', 'Turkey', 'istanbul'),
(203, 'https://www.md5hashgenerator.com/', 3, '2022-03-29 11:23:03', 1, 'api2', '0', 'Turkey', 'istanbul'),
(204, 'https://www.md5hashgenerator.com/', 3, '2022-03-29 11:23:03', 1, 'api2', '0', 'Turkey', 'istanbul'),
(205, 'https://www.md5hashgenerator.com/', 3, '2022-03-29 11:23:03', 1, 'api2', '0', 'Turkey', 'istanbul'),
(206, 'https://www.md5hashgenerator.com/', 3, '2022-03-29 11:23:03', 1, 'api2', '0', 'Turkey', 'istanbul'),
(207, 'https://www.md5hashgenerator.com/', 3, '2022-03-29 11:23:03', 1, 'api2', '0', 'Turkey', 'istanbul'),
(208, 'https://www.md5hashgenerator.com/', 3, '2022-03-29 11:23:03', 1, 'api2', '0', 'Turkey', 'istanbul'),
(209, 'https://www.md5hashgenerator.com/', 3, '2022-03-29 11:23:03', 1, 'api2', '0', 'Turkey', 'istanbul');

-- --------------------------------------------------------

--
-- Tablo için tablo yapısı `siem_logs`
--

CREATE TABLE `siem_logs` (
  `id` int(11) NOT NULL,
  `log_id` int(11) NOT NULL,
  `log_time` date NOT NULL,
  `dest_ip` text NOT NULL,
  `dest_port` text NOT NULL,
  `source_ip` text NOT NULL,
  `source_port` text NOT NULL,
  `action` text NOT NULL,
  `protocol` text NOT NULL
) ENGINE=InnoDB DEFAULT CHARSET=utf8mb4;

--
-- Tablo döküm verisi `siem_logs`
--

INSERT INTO `siem_logs` (`id`, `log_id`, `log_time`, `dest_ip`, `dest_port`, `source_ip`, `source_port`, `action`, `protocol`) VALUES
(1, 4625, '2022-04-05', '192.168.15.225', '443', '192.168.15.220', '55002', 'TCP', 'HTTPS'),
(2, 4625, '2022-04-05', '192.168.15.225', '443', '192.168.15.220', '55002', 'TCP', 'HTTPS'),
(3, 4625, '2022-04-05', '192.168.15.225', '443', '192.168.15.220', '55002', 'TCP', 'HTTPS'),
(4, 4625, '2022-04-05', '192.168.15.225', '443', '192.168.15.220', '55002', 'TCP', 'HTTPS'),
(5, 4625, '2022-04-05', '192.168.15.225', '443', '192.168.15.220', '55002', 'TCP', 'HTTPS');

--
-- Dökümü yapılmış tablolar için indeksler
--

--
-- Tablo için indeksler `access_request`
--
ALTER TABLE `access_request`
  ADD PRIMARY KEY (`id`);

--
-- Tablo için indeksler `accounts`
--
ALTER TABLE `accounts`
  ADD PRIMARY KEY (`id`);

--
-- Tablo için indeksler `connections`
--
ALTER TABLE `connections`
  ADD PRIMARY KEY (`id`);

--
-- Tablo için indeksler `db_status`
--
ALTER TABLE `db_status`
  ADD PRIMARY KEY (`id`);

--
-- Tablo için indeksler `scanned_db`
--
ALTER TABLE `scanned_db`
  ADD PRIMARY KEY (`id`);

--
-- Tablo için indeksler `siem_logs`
--
ALTER TABLE `siem_logs`
  ADD PRIMARY KEY (`id`);

--
-- Dökümü yapılmış tablolar için AUTO_INCREMENT değeri
--

--
-- Tablo için AUTO_INCREMENT değeri `access_request`
--
ALTER TABLE `access_request`
  MODIFY `id` int(11) NOT NULL AUTO_INCREMENT;

--
-- Tablo için AUTO_INCREMENT değeri `accounts`
--
ALTER TABLE `accounts`
  MODIFY `id` int(11) NOT NULL AUTO_INCREMENT, AUTO_INCREMENT=6;

--
-- Tablo için AUTO_INCREMENT değeri `connections`
--
ALTER TABLE `connections`
  MODIFY `id` int(11) NOT NULL AUTO_INCREMENT, AUTO_INCREMENT=59;

--
-- Tablo için AUTO_INCREMENT değeri `db_status`
--
ALTER TABLE `db_status`
  MODIFY `id` int(11) NOT NULL AUTO_INCREMENT, AUTO_INCREMENT=1714;

--
-- Tablo için AUTO_INCREMENT değeri `scanned_db`
--
ALTER TABLE `scanned_db`
  MODIFY `id` int(11) NOT NULL AUTO_INCREMENT, AUTO_INCREMENT=210;

--
-- Tablo için AUTO_INCREMENT değeri `siem_logs`
--
ALTER TABLE `siem_logs`
  MODIFY `id` int(11) NOT NULL AUTO_INCREMENT, AUTO_INCREMENT=6;
COMMIT;

/*!40101 SET CHARACTER_SET_CLIENT=@OLD_CHARACTER_SET_CLIENT */;
/*!40101 SET CHARACTER_SET_RESULTS=@OLD_CHARACTER_SET_RESULTS */;
/*!40101 SET COLLATION_CONNECTION=@OLD_COLLATION_CONNECTION */;
